pH,Turbidity,EC,Temperature,RiskScore
6.12,2.43,1165.4,18.6,0.2788
10.16,2.27,1620.6,30.8,0.5377
8.62,18.94,1532.3,29.3,0.5046
7.69,2.3,350.1,34.7,0.1794
4.59,2.54,341.0,20.7,0.3337
4.59,11.4,572.9,27.3,0.3927
3.91,4.78,754.1,16.1,0.5567
9.56,11.99,846.5,32.6,0.4337
7.71,0.54,1375.4,31.2,0.2213
8.46,5.35,160.5,31.0,0.2037
3.64,0.27,117.6,27.0,0.3026
10.29,0.52,814.2,30.3,0.4078
9.33,18.95,1409.5,39.8,0.5629
4.99,1.2,427.2,24.7,0.2254
4.77,6.08,1300.9,28.1,0.4041
4.78,4.24,556.7,18.3,0.3561
5.63,3.41,1777.9,20.1,0.3878
7.17,18.41,1796.6,27.8,0.3595
6.52,0.18,629.7,35.8,0.1994
5.54,8.72,498.5,24.9,0.2282
7.78,26.46,852.0,25.1,0.3286
4.48,6.57,519.0,23.7,0.3642
5.55,22.09,1361.1,22.7,0.3971
6.06,0.43,1660.8,29.4,0.2517
6.69,4.34,1362.5,15.0,0.2832
9.0,2.41,1657.5,37.2,0.495
4.9,10.5,824.1,21.7,0.447
7.1,31.83,354.8,32.8,0.2781
7.65,2.37,1489.0,16.8,0.3271
3.83,8.49,752.9,32.4,0.4853
7.75,1.77,1359.0,32.4,0.2973
4.69,6.67,577.8,30.1,0.4089
3.96,4.99,208.4,19.0,0.3147
10.14,28.61,1985.5,29.0,0.7663
10.26,7.5,354.6,17.5,0.5058
9.16,3.44,1977.4,25.0,0.4921
5.63,0.97,1955.7,35.2,0.4874
4.18,1.31,1597.9,33.4,0.5096
8.29,2.04,1335.9,27.1,0.3135
6.58,2.31,1176.7,19.2,0.2274
4.35,15.21,1738.9,32.2,0.5408
6.97,6.59,614.4,27.2,0.0863
3.74,5.93,962.0,8.4,0.5248
9.87,0.98,1257.8,33.3,0.5107
5.31,15.74,851.8,26.8,0.3974
8.14,10.26,883.6,36.6,0.3463
5.68,0.56,694.1,18.2,0.2719
7.14,9.84,1150.3,5.0,0.3064
7.33,6.27,1708.6,29.2,0.3392
4.79,0.68,443.0,29.3,0.2917
10.29,4.9,1872.1,13.5,0.6507
8.93,5.3,1393.7,19.2,0.4158
10.08,1.45,1655.4,45.0,0.6415
9.76,23.31,1134.6,24.6,0.5419
7.69,15.18,1570.1,32.8,0.4215
9.95,8.85,81.6,21.8,0.3304
4.12,4.96,1645.8,10.3,0.5619
4.87,4.25,128.3,25.6,0.2658
3.82,8.42,1785.3,24.9,0.5886
5.78,6.31,1984.3,23.8,0.4004
6.22,0.51,623.4,26.1,0.182
5.4,5.75,460.1,29.1,0.2443
9.3,13.14,1542.5,25.8,0.4967
6.0,4.92,543.4,16.9,0.2707
5.47,0.43,1737.8,30.9,0.447
7.3,12.34,250.5,11.4,0.2389
4.49,1.8,295.6,10.6,0.3514
9.12,2.39,1959.3,32.9,0.547
4.02,1.44,1364.0,31.1,0.4746
10.41,3.21,1701.4,26.5,0.5513
8.91,11.31,682.4,15.8,0.3104
4.89,5.86,1369.1,21.3,0.4816
3.54,1.83,1208.8,24.9,0.4776
9.21,16.82,1226.1,14.2,0.52
8.45,16.93,1380.9,21.1,0.4072
8.6,16.36,1172.0,32.2,0.4564
8.9,2.18,886.7,38.4,0.3623
4.02,4.8,588.0,23.6,0.3588
6.01,33.59,1548.7,33.1,0.5448
4.31,11.83,491.2,11.7,0.4149
9.54,0.22,1400.1,32.3,0.4378
7.86,0.54,505.0,20.6,0.1018
5.82,4.99,1269.4,29.5,0.2817
3.94,19.19,1506.8,25.0,0.6112
5.68,6.19,476.5,37.6,0.2229
5.78,5.51,166.9,20.0,0.1448
8.61,0.89,305.4,32.0,0.2281
7.96,8.56,1231.7,24.8,0.2814
9.71,13.81,1706.4,25.7,0.6287
6.81,3.83,137.7,25.5,0.1051
4.34,11.96,1481.6,20.2,0.5176
8.49,26.7,715.6,26.9,0.4166
8.83,1.82,983.1,26.5,0.3397
7.43,5.93,1861.3,28.9,0.3119
8.9,2.71,697.3,27.7,0.253
6.96,12.59,957.4,33.4,0.2343
7.16,6.89,76.7,34.4,0.099
6.49,8.05,209.1,18.6,0.1324
3.68,12.79,554.3,34.0,0.5268
4.26,4.03,104.3,17.5,0.3142
3.72,19.73,1281.2,31.7,0.6007
7.95,6.09,881.5,32.0,0.2729
5.7,1.38,1118.9,11.7,0.3503
7.06,9.52,390.6,27.7,0.0798
9.85,12.61,627.1,23.3,0.4669
5.25,3.05,1344.5,20.9,0.3248
6.37,15.57,1932.3,37.8,0.4439
8.79,18.93,148.3,21.8,0.3072
5.1,2.59,1786.2,20.5,0.4304
4.04,32.85,1174.9,27.6,0.6307
5.53,1.21,1149.6,32.5,0.3861
4.63,1.81,1025.5,25.9,0.3486
10.01,1.63,185.3,36.3,0.4517
9.16,17.95,225.3,31.2,0.3842
7.93,8.5,1221.8,9.6,0.3719
9.6,1.32,714.9,22.8,0.3743
9.13,4.64,1838.7,22.5,0.5576
4.81,7.64,842.9,30.8,0.3624
9.75,0.7,329.4,6.0,0.3705
7.28,17.12,1443.7,45.0,0.3844
9.15,13.02,622.0,31.2,0.3942
9.77,5.63,1074.7,28.2,0.4035
5.73,27.32,1410.8,36.5,0.5217
4.27,4.33,1805.5,45.0,0.6741
5.1,33.14,1594.8,34.0,0.6353
6.49,8.82,1368.9,34.6,0.3101
9.23,8.06,1375.3,28.0,0.4354
9.53,1.45,1894.6,25.9,0.5286
3.55,17.09,626.9,23.2,0.5013
7.08,4.46,52.2,20.4,0.1127
6.42,1.42,580.3,21.5,0.205
5.05,0.1,474.9,16.2,0.2962
4.34,6.56,1340.6,26.4,0.4753
5.86,6.0,1285.7,13.5,0.394
10.1,10.17,1207.2,28.5,0.5672
5.76,17.68,81.7,26.7,0.2142
7.13,0.66,1471.1,28.2,0.1976
8.42,10.52,680.9,22.8,0.2529
6.05,1.66,1346.9,45.0,0.3818
10.3,15.63,1135.3,37.9,0.6446
10.24,13.68,718.3,17.0,0.4864
5.26,6.23,312.4,28.9,0.2447
6.98,9.91,234.1,22.1,0.0529
5.61,3.02,1671.5,18.9,0.3679
5.49,5.1,1840.9,16.3,0.4704
3.76,13.79,1317.1,30.5,0.5724
7.77,4.92,251.7,21.5,0.1344
7.02,3.54,834.0,34.7,0.1196
3.86,5.45,1471.4,35.0,0.5825
5.45,14.09,1570.7,38.0,0.4966
9.86,3.27,280.5,20.2,0.3314
5.18,1.53,50.1,30.8,0.2148
4.51,9.96,1438.7,32.1,0.5252
6.93,13.99,745.4,23.2,0.1608
10.4,0.85,546.2,20.8,0.3803
5.19,2.19,75.2,39.9,0.3223
8.2,1.22,1103.6,28.8,0.26
8.83,3.42,1709.7,32.1,0.448
5.16,4.79,1917.4,20.4,0.5047
8.6,11.05,1153.2,17.2,0.5093
6.07,8.42,1053.2,22.4,0.244
7.93,7.76,215.9,26.0,0.173
7.93,3.48,1120.3,18.5,0.2599
7.25,14.73,791.0,26.9,0.1978
4.13,5.1,1233.9,13.5,0.5025
9.35,30.95,808.0,18.0,0.5146
5.75,8.04,518.6,32.4,0.2644
4.81,1.08,235.2,31.8,0.2336
3.79,9.02,664.1,23.9,0.4839
7.64,3.15,238.5,18.9,0.1331
8.24,9.28,394.9,18.8,0.2625
3.62,0.58,1975.3,24.0,0.5795
7.08,1.54,916.0,32.2,0.1498
5.09,15.49,1087.1,34.4,0.47
8.02,2.06,1753.6,23.0,0.3065
4.72,14.51,1991.4,17.8,0.5893
8.34,2.62,1186.3,29.1,0.2872
6.21,8.24,1634.3,20.4,0.3268
10.06,9.48,687.5,22.9,0.3873
4.46,5.75,646.2,37.6,0.4633
5.89,2.91,835.3,33.6,0.248
4.29,1.91,1361.4,28.3,0.4992
9.97,0.27,1380.3,16.8,0.5403
9.64,2.9,664.7,28.7,0.3357
5.31,8.47,309.8,35.5,0.2677
8.12,22.28,1283.2,24.0,0.4832
9.22,16.4,300.2,37.8,0.4634
7.39,11.62,1178.1,37.3,0.311
7.21,12.43,1402.2,40.3,0.3509
5.19,8.75,1416.2,29.4,0.4097
4.15,2.41,1519.3,31.7,0.5325
9.78,19.02,1752.1,38.3,0.6546
9.8,8.89,1024.9,30.6,0.4222
7.93,6.58,1474.0,23.0,0.2838
5.87,0.94,1257.4,23.4,0.2792
5.94,4.74,413.9,28.9,0.1609
8.58,4.93,100.1,16.7,0.2274
9.78,15.99,604.9,25.9,0.4124
9.71,6.33,913.9,35.8,0.4464
8.96,3.83,1253.4,9.5,0.4739
7.99,30.11,1707.4,39.3,0.5704
4.09,0.94,432.7,36.0,0.3951
4.63,4.39,294.8,23.3,0.3236
9.79,0.34,1928.8,31.3,0.5678
7.75,10.77,260.7,27.0,0.2138
3.56,20.02,983.1,36.8,0.6253
4.21,2.63,1191.8,34.9,0.4748
8.14,15.63,1105.7,15.8,0.3476
3.54,2.76,217.8,31.7,0.3992
4.63,19.33,161.2,25.4,0.3922
7.34,11.22,255.7,27.7,0.1742
8.34,13.07,1191.9,21.2,0.4044
8.06,0.15,1111.5,41.0,0.2664
5.07,26.33,505.8,35.3,0.4885
8.49,10.38,1293.7,21.1,0.3323
5.16,2.91,1649.1,16.3,0.4755
5.78,14.15,131.1,23.9,0.2056
8.73,2.64,1021.4,30.5,0.3581
8.05,16.49,1394.2,28.9,0.3536
9.44,0.96,542.0,37.0,0.4036
8.1,9.73,650.2,33.3,0.2387
7.48,6.22,1246.6,34.8,0.2648
4.16,0.81,1801.0,29.6,0.5062
6.07,2.22,1629.4,15.9,0.3001
5.36,0.1,1187.1,25.4,0.313
5.21,5.06,1473.9,35.5,0.4969
10.31,2.87,761.4,26.6,0.5233
6.25,7.3,1299.9,31.0,0.3095
9.74,2.82,959.1,24.5,0.4406
7.92,2.85,420.4,18.8,0.1892
9.06,10.88,1418.4,26.0,0.4651
7.02,0.39,1135.1,29.5,0.1525
7.54,18.66,749.3,21.8,0.2733
6.95,15.3,1827.1,25.1,0.341
4.87,8.82,90.8,19.5,0.2765
8.56,7.2,665.8,36.0,0.3258
5.47,17.83,160.9,24.6,0.2685
3.67,1.64,1544.7,38.6,0.6258
8.02,0.66,1419.1,39.2,0.3185
4.74,2.19,696.1,26.4,0.3228
10.08,12.66,1367.5,18.9,0.6388
10.18,0.28,822.1,10.3,0.5228
9.9,6.99,1524.7,15.2,0.6092
6.09,43.12,935.7,16.0,0.5052
3.61,15.49,853.9,38.0,0.6061
10.0,5.9,1872.7,27.9,0.6132
6.5,0.53,539.2,30.1,0.1836
10.27,14.24,284.9,9.2,0.4567
10.25,7.31,1189.9,17.4,0.5103
9.47,0.98,1940.2,34.1,0.5799
5.56,0.79,786.8,29.3,0.2521
6.2,19.23,171.0,25.8,0.1891
9.46,8.85,711.6,31.5,0.3743
5.72,14.14,1036.6,40.1,0.395
4.69,16.89,365.7,25.2,0.3268
7.4,6.78,1333.3,27.6,0.3183
10.05,5.83,1995.6,28.5,0.6067
8.37,4.5,930.9,45.0,0.3718
7.49,3.05,741.7,10.2,0.2434
4.18,4.56,831.4,32.5,0.4718
7.81,11.89,274.5,26.1,0.2086
10.43,7.37,1772.4,31.5,0.6722
4.48,17.84,858.9,21.7,0.4562
7.13,4.69,805.2,26.6,0.1328
9.64,7.47,1336.4,32.7,0.5332
8.69,7.98,912.0,45.0,0.4074
8.38,7.17,1314.1,33.5,0.3828
8.42,9.7,169.8,20.2,0.245
6.02,2.17,1636.8,23.6,0.3441
5.56,5.75,1884.0,23.4,0.3685
9.17,0.88,1315.1,12.6,0.465
9.17,3.88,1911.4,24.4,0.4749
9.57,5.35,345.3,32.9,0.3819
9.89,8.45,981.0,16.8,0.5202
7.08,24.05,1223.5,35.4,0.4003
7.01,7.34,1184.4,30.9,0.2579
9.09,10.89,832.9,21.1,0.4303
8.05,5.65,709.3,25.9,0.2667
8.41,8.04,297.3,39.8,0.2983
9.07,0.59,813.9,32.9,0.3448
9.73,2.35,367.2,27.1,0.3588
5.87,3.59,1482.0,25.1,0.3393
6.13,5.12,457.2,27.6,0.1686
4.16,0.37,164.2,22.9,0.3175
7.55,1.21,1127.1,10.2,0.2703
3.75,2.59,1210.7,43.3,0.5526
6.76,28.47,1750.2,28.2,0.467
7.3,3.22,1175.1,30.2,0.2182
5.51,5.26,723.7,26.5,0.3322
7.64,1.75,1615.9,21.1,0.2442
3.71,7.55,1103.5,25.5,0.4918
3.76,2.64,204.6,14.2,0.4084
9.26,1.86,1153.4,45.0,0.5097
6.02,5.81,1820.6,17.1,0.4105
4.39,0.1,822.8,18.7,0.3974
7.16,0.1,627.8,23.5,0.0594
8.89,1.98,329.8,37.3,0.2579
5.01,0.3,345.3,27.1,0.2533
7.86,0.91,893.9,17.1,0.1945
4.1,3.31,1211.6,37.0,0.5006
3.86,12.98,207.2,32.8,0.4601
7.22,6.79,1882.2,31.3,0.2993
7.28,5.75,1522.5,32.7,0.3369
7.96,2.78,1193.9,45.0,0.3935
8.58,21.48,1665.5,44.5,0.5434
10.33,4.05,206.4,21.5,0.3609
7.11,0.73,979.8,40.0,0.1379
5.76,7.68,1278.7,30.1,0.3269
9.07,0.97,1665.9,31.0,0.4714
5.4,3.39,1577.8,13.5,0.4205
6.57,5.66,590.3,25.6,0.1582
4.05,16.59,1884.7,20.5,0.6063
3.68,5.44,292.5,33.6,0.4573
10.24,9.69,1756.5,35.6,0.6362
9.35,39.49,1943.3,10.4,0.788
8.37,1.13,395.4,26.8,0.1892
6.36,2.57,1458.0,36.0,0.2746
4.71,4.01,128.6,25.5,0.2245
4.6,4.38,840.6,32.8,0.4324
5.25,4.23,1056.8,29.8,0.3621
7.34,19.05,1182.3,29.7,0.3464
8.5,10.02,1875.1,24.8,0.4545
8.12,7.49,1360.9,17.3,0.3659
5.46,2.96,988.5,18.0,0.2718
10.18,13.89,1628.9,32.7,0.6332
8.67,24.82,1903.5,27.2,0.5627
7.38,13.77,93.0,25.9,0.1837
7.78,0.1,1965.9,23.6,0.3519
6.44,8.09,218.0,24.6,0.1687
5.23,0.42,1638.1,35.4,0.4513
5.99,2.38,596.7,24.3,0.1625
8.8,0.49,307.8,16.3,0.2579
3.6,7.41,907.7,32.9,0.5375
4.31,9.28,1305.7,25.4,0.4567
3.82,0.97,792.9,27.3,0.4145
3.79,3.87,156.4,39.9,0.4203
9.49,4.87,1218.9,26.8,0.4826
8.43,3.68,1809.7,29.3,0.3488
6.82,1.03,797.3,17.6,0.1893
4.18,4.34,471.8,25.2,0.3296
6.94,11.13,913.0,31.9,0.1728
6.81,0.59,144.3,14.6,0.1155
4.71,0.67,1650.0,28.6,0.4767
6.54,3.51,1661.4,27.8,0.3244
6.29,22.74,1196.6,27.3,0.3875
7.81,8.83,738.6,35.3,0.3314
7.95,9.08,1609.6,29.7,0.3878
3.82,3.59,1131.6,38.8,0.54
6.12,7.2,1660.6,19.1,0.3764
7.88,0.1,1281.3,28.1,0.2969
7.02,8.09,1579.6,27.7,0.2354
9.5,19.56,1217.2,18.4,0.5271
8.11,7.59,857.6,34.7,0.2953
4.64,16.55,1918.0,45.0,0.6113
3.99,10.3,1105.2,26.9,0.5081
8.0,1.03,1229.9,31.0,0.2282
3.69,18.62,480.0,27.7,0.5081
7.6,0.55,1270.0,21.3,0.2618
10.08,6.11,1164.6,12.4,0.5334
7.53,1.23,410.4,21.4,0.1696
6.22,0.1,166.2,15.9,0.0895
8.0,4.39,1228.5,40.6,0.389
6.71,2.8,1539.2,26.1,0.261
7.32,5.32,1070.6,24.2,0.1439
10.09,6.89,492.2,34.1,0.5288
6.2,0.36,1349.7,18.0,0.2793
10.23,1.05,206.2,20.9,0.3375
9.84,6.54,911.6,27.5,0.4003
4.87,3.36,368.6,35.2,0.313
3.99,10.45,409.7,31.0,0.4311
4.21,8.45,444.5,29.0,0.3985
3.63,14.95,804.1,27.6,0.5238
4.16,9.43,149.7,30.2,0.392
8.28,4.5,825.7,28.6,0.257
4.0,8.94,1047.8,18.8,0.4517
5.73,2.58,992.4,27.4,0.267
9.41,2.93,796.4,18.4,0.3125
3.66,12.45,1686.3,27.6,0.641
9.2,4.73,333.4,23.2,0.2591
5.47,12.81,1036.1,45.0,0.4576
4.33,13.83,171.0,26.7,0.4074
8.38,15.59,188.8,15.8,0.2606
7.9,19.88,1169.0,25.9,0.3867
9.64,4.51,1153.7,31.2,0.4477
8.65,3.07,1762.2,40.4,0.5312
9.12,6.98,1137.9,22.3,0.3935
5.47,3.71,1921.6,14.3,0.4426
4.74,7.35,145.0,33.5,0.3391
8.75,9.78,241.1,16.0,0.2848
9.15,9.33,135.9,23.5,0.2577
10.43,3.75,411.3,24.9,0.3928
6.39,1.46,1105.5,26.4,0.2081
6.1,4.5,1308.9,32.5,0.3535
8.93,1.23,138.9,21.5,0.1653
5.89,17.67,1894.6,24.8,0.4552
10.02,3.4,1692.2,26.9,0.5596
9.51,1.34,628.4,28.2,0.3503
6.5,0.21,200.5,27.8,0.1174
8.76,8.3,381.3,30.5,0.2877
8.78,8.1,297.5,33.8,0.291
4.22,3.33,290.4,30.1,0.3663
9.82,0.6,1061.2,30.6,0.443
7.04,4.22,529.4,14.3,0.127
9.29,2.98,748.4,27.4,0.3592
5.74,9.04,1979.5,30.8,0.4371
9.77,7.45,1384.4,32.8,0.5114
6.22,3.63,1900.5,21.5,0.3381
3.58,1.97,328.0,21.7,0.4412
9.84,35.41,795.2,22.4,0.504
4.14,4.84,1131.7,31.3,0.4942
5.74,9.33,199.7,35.3,0.2479
10.15,1.21,58.2,23.7,0.2782
10.15,5.32,1357.3,34.3,0.5684
7.51,0.22,1301.5,28.0,0.2401
7.92,5.63,851.0,26.0,0.2476
6.64,26.6,1004.8,25.3,0.2367
5.55,3.88,860.1,33.0,0.3489
5.8,0.32,96.8,29.6,0.1227
8.21,0.25,704.0,45.0,0.3223
8.77,3.93,395.3,20.2,0.2854
9.04,1.4,241.9,31.1,0.2356
9.03,0.19,1915.6,22.8,0.4737
4.14,11.29,1218.8,20.0,0.5143
6.96,4.91,1470.9,26.9,0.1612
3.9,2.73,665.0,28.1,0.451
7.35,18.43,816.6,45.0,0.3163
6.59,0.99,512.0,25.5,0.0781
9.71,24.97,239.1,18.0,0.4627
5.96,3.01,399.1,29.2,0.1909
4.32,17.54,1605.2,10.4,0.6426
4.5,7.39,1371.2,26.3,0.4843
8.83,14.02,1116.5,27.1,0.3714
7.83,33.09,976.4,33.4,0.4161
4.21,2.72,1848.7,34.8,0.5711
4.09,25.98,191.8,23.0,0.5262
8.41,3.95,597.2,25.8,0.2303
4.01,3.9,732.4,20.9,0.4588
9.25,3.33,1575.7,18.0,0.4757
8.44,6.24,1985.4,29.5,0.4378
4.07,1.34,519.3,16.8,0.3898
4.09,6.45,1754.9,23.7,0.5486
10.41,6.24,1669.7,19.0,0.6326
6.12,11.48,488.1,31.4,0.2812
6.09,14.35,828.7,41.4,0.3654
9.19,4.64,848.9,16.6,0.423
10.13,2.88,1957.5,12.2,0.6099
10.4,2.4,402.7,26.0,0.387
8.77,1.73,1608.4,27.1,0.3751
6.13,0.48,701.7,28.7,0.1968
4.08,3.35,1475.2,23.4,0.4897
8.94,2.52,869.0,25.4,0.3342
7.41,27.15,1177.8,29.9,0.3424
6.47,6.53,1673.6,35.3,0.3522
9.84,3.41,1618.1,11.4,0.5935
4.28,6.95,1739.5,24.0,0.4724
6.95,1.2,166.3,28.7,0.1033
3.58,4.7,1399.5,19.7,0.5594
6.78,7.87,323.0,40.8,0.117
3.89,5.37,860.8,21.9,0.4631
4.33,4.11,1119.7,26.7,0.435
4.32,40.73,835.3,31.4,0.6386
8.04,16.98,1063.2,22.3,0.3765
8.72,7.81,1993.2,12.2,0.5545
7.58,6.74,313.7,23.6,0.143
10.24,7.75,1367.1,35.2,0.6015
6.12,1.8,822.2,24.3,0.1938
5.5,4.02,309.4,20.2,0.2788
9.58,0.32,359.5,34.4,0.2968
5.07,5.16,1901.1,24.4,0.4689
10.24,6.27,1765.2,22.9,0.5933
3.59,2.07,1818.7,28.2,0.6204
10.29,26.6,1983.5,33.2,0.7519
3.8,19.22,456.2,45.0,0.5296
9.74,10.25,743.1,33.6,0.4677
7.19,6.1,1355.0,36.3,0.2859
10.45,16.32,993.4,23.0,0.6155
4.02,1.12,865.9,18.8,0.3988
7.38,12.5,747.7,27.5,0.2451
10.29,1.07,1207.9,27.9,0.566
7.16,12.65,1172.4,18.4,0.255
7.91,2.58,364.8,25.6,0.1052
8.37,16.77,969.9,30.2,0.3659
6.68,23.07,1129.3,29.9,0.3305
7.89,1.29,1162.1,31.0,0.2839
7.59,4.97,459.7,29.3,0.1401
9.81,31.7,1497.4,22.9,0.7118
3.82,5.28,99.1,22.9,0.327
5.47,15.93,741.9,17.4,0.3192
10.15,7.11,1571.4,41.3,0.6661
9.73,3.76,1149.6,27.1,0.3762
6.69,2.69,559.3,25.2,0.1025
7.84,1.82,1405.2,19.6,0.3874
5.44,11.48,1156.4,45.0,0.4633
4.82,3.91,1602.7,18.4,0.4388
6.75,5.73,1483.3,23.6,0.2472
5.97,5.42,1239.7,30.3,0.3103
7.59,6.89,1001.9,31.8,0.2574
4.04,16.05,309.7,34.7,0.4877
10.32,31.6,559.6,41.5,0.6333
10.4,4.19,867.2,31.0,0.5473
8.39,14.06,1218.6,18.6,0.4099
7.25,11.57,1051.7,24.9,0.242
5.67,6.82,612.0,29.5,0.2451
9.2,25.0,62.6,43.5,0.501
8.29,1.79,1017.7,15.8,0.299
4.64,0.93,607.0,36.6,0.3749
9.88,15.39,1482.5,28.4,0.5511
9.26,4.63,96.7,33.7,0.2671
10.15,15.02,1190.4,26.2,0.575
8.58,17.89,1885.9,20.3,0.5107
7.79,0.52,390.1,33.0,0.1351
6.43,17.2,969.7,32.2,0.2917
10.03,4.76,228.3,34.8,0.4182
9.56,5.71,1270.1,26.9,0.4351
3.82,7.88,1123.5,22.2,0.5108
3.68,20.87,844.4,14.5,0.6075
6.14,0.15,1066.7,33.6,0.1999
9.17,5.18,1798.3,30.4,0.4548
10.41,9.31,432.8,19.3,0.4795
4.55,10.26,94.0,22.7,0.2957
7.66,9.44,1730.2,23.3,0.3774
6.17,1.15,1175.4,15.1,0.3101
10.29,2.85,1786.8,20.5,0.6122
9.39,3.55,1214.0,17.9,0.4973
9.37,13.05,1629.8,23.7,0.5205
6.78,2.61,887.9,21.1,0.1803
6.4,1.89,1512.2,14.0,0.2944
5.41,25.26,1830.4,43.2,0.7023
3.89,0.1,1165.6,37.0,0.571
9.55,49.03,402.5,20.8,0.6108
9.19,9.04,574.2,29.2,0.3681
10.5,14.1,437.4,30.3,0.5463
10.48,2.79,531.4,36.5,0.4744
7.39,0.12,647.5,20.5,0.1146
8.88,10.71,1132.5,35.7,0.4683
10.11,14.37,1196.6,22.6,0.5561
9.45,10.79,881.7,16.3,0.4613
5.23,1.23,1250.1,32.8,0.3495
6.65,11.2,209.1,37.3,0.1263
4.4,11.72,221.2,45.0,0.4529
10.18,8.6,385.1,17.4,0.4721
7.74,11.62,1060.3,32.6,0.3016
5.1,14.96,467.3,23.7,0.3775
8.2,7.61,602.4,33.3,0.2522
7.83,0.74,830.6,15.2,0.2005
6.01,5.35,1633.1,16.9,0.3716
4.29,0.65,77.0,20.8,0.2929
8.2,4.19,1316.3,27.6,0.3415
7.14,4.18,1354.3,21.9,0.1967
8.91,0.55,1607.4,32.3,0.4696
7.14,3.43,1868.9,35.2,0.3775
9.47,0.94,89.3,31.8,0.285
7.36,13.21,349.9,40.0,0.2607
7.43,23.6,1778.0,30.3,0.4
9.64,0.6,944.1,17.3,0.4493
6.32,24.83,1151.0,37.9,0.4508
4.44,5.91,1342.9,22.2,0.4953
3.7,2.85,1374.2,34.3,0.5605
8.79,0.64,1866.9,39.6,0.3992
7.84,5.56,1994.1,30.7,0.3758
8.43,12.66,1454.3,15.0,0.4281
4.99,9.82,610.1,19.7,0.3244
4.45,0.41,1765.5,37.6,0.5427
3.6,0.61,146.0,25.6,0.3402
5.95,4.13,500.6,27.6,0.1705
7.63,2.8,1799.9,33.1,0.312
6.25,2.12,549.6,32.6,0.1637
6.56,2.64,480.3,29.2,0.1644
9.83,13.02,319.3,25.3,0.3717
5.94,21.19,1725.3,24.5,0.4342
7.1,4.15,1025.1,33.9,0.1871
8.99,18.93,1366.0,31.4,0.521
6.28,3.1,516.2,24.9,0.1598
7.85,5.18,1528.2,35.7,0.2664
9.54,2.05,1532.0,26.0,0.4899
10.15,8.18,659.6,20.2,0.5046
4.53,30.9,850.8,20.9,0.5201
9.99,7.4,458.9,19.2,0.3902
6.94,3.54,1954.3,24.8,0.2582
5.31,8.35,1308.9,36.9,0.4151
6.71,1.05,1872.4,20.6,0.297
10.36,17.56,641.6,28.5,0.4718
6.95,5.59,1574.7,21.7,0.2155
5.8,4.77,1543.4,24.9,0.385
7.93,7.05,1398.7,14.9,0.3291
5.18,7.84,1933.0,25.2,0.5086
4.03,0.6,817.4,25.5,0.4078
4.4,9.18,304.9,31.3,0.3192
4.4,2.22,1359.8,28.8,0.4774
4.56,10.01,1472.2,17.4,0.5187
4.47,13.83,1171.4,35.7,0.5165
7.99,13.04,453.3,28.7,0.2491
4.77,6.43,1033.7,28.6,0.4163
5.92,5.87,658.8,26.9,0.2477
9.78,1.23,883.6,22.9,0.4343
6.82,11.95,1308.2,28.7,0.2798
8.17,2.53,1503.2,30.8,0.3049
4.71,5.49,502.8,13.0,0.361
4.85,2.68,840.4,22.7,0.4287
3.79,1.15,574.9,25.0,0.4127
4.68,7.94,437.3,29.0,0.4151
5.45,0.45,1577.6,36.5,0.4517
4.74,11.05,1823.0,20.8,0.5472
4.12,3.06,772.0,23.0,0.4136
4.34,0.1,1515.0,22.9,0.4617
6.73,5.73,1799.1,20.6,0.2553
4.94,0.38,1699.9,24.2,0.4228
6.05,2.59,406.5,33.2,0.228
7.02,9.82,1914.8,18.6,0.3143
8.33,0.52,784.5,30.4,0.2659
3.78,14.63,711.5,13.4,0.5743
9.1,0.1,171.7,22.5,0.2048
7.9,2.27,998.0,24.4,0.2109
4.07,10.8,262.6,40.4,0.4254
9.62,3.04,534.7,24.8,0.3133
9.95,0.86,668.0,9.4,0.4139
3.93,3.57,1627.2,11.0,0.5726
5.44,2.52,1757.2,27.3,0.4433
9.14,14.8,639.8,31.9,0.3812
8.74,3.01,1724.5,30.0,0.4344
4.79,12.44,1721.6,28.3,0.5105
4.97,17.8,1541.1,36.3,0.5917
6.09,4.55,336.1,22.7,0.2
6.89,19.26,1396.1,34.2,0.3686
7.83,3.79,1892.8,13.9,0.4059
6.08,26.61,1381.0,19.8,0.4392
6.74,0.75,696.7,12.5,0.1357
8.73,9.29,1026.1,24.8,0.4101
3.76,5.45,1309.2,26.6,0.5015
5.27,3.92,1045.6,27.9,0.3557
8.49,8.01,283.9,27.5,0.2659
9.77,9.74,658.5,19.6,0.419
7.08,0.1,1614.7,25.5,0.2416
7.22,1.46,1729.8,15.0,0.3185
4.25,9.99,317.7,37.9,0.4799
6.63,8.78,1907.2,24.6,0.3154
7.23,27.06,691.2,23.1,0.234
5.2,11.45,1341.5,39.7,0.4707
5.38,24.09,1516.1,17.1,0.5384
6.14,9.7,1633.3,18.0,0.3826
3.64,2.83,1894.2,18.2,0.6111
5.75,0.89,660.2,26.5,0.1536
4.98,12.18,1724.1,30.5,0.5301
5.79,8.27,306.8,32.9,0.2963
4.34,0.4,1424.8,45.0,0.5568
9.73,3.57,1496.9,9.0,0.5768
7.66,25.14,1371.6,31.9,0.4352
8.25,5.55,542.0,22.5,0.241
9.02,4.54,1752.4,22.3,0.4885
6.99,4.9,379.3,22.0,0.0939
4.11,1.87,154.6,19.7,0.3246
7.26,3.68,1449.1,40.5,0.2791
7.61,3.69,977.2,33.7,0.2346
8.72,0.43,1705.7,27.2,0.406
6.52,11.67,797.6,37.8,0.2642
4.39,4.31,378.1,14.9,0.3831
5.49,13.82,1681.1,16.4,0.4987
6.04,15.2,1120.4,9.6,0.4234
8.02,1.91,418.9,21.4,0.212
7.5,8.57,1454.7,28.3,0.298
5.99,5.11,1046.7,27.8,0.2309
10.41,16.97,1228.4,28.2,0.5965
7.74,1.94,948.8,15.7,0.2451
5.16,9.06,1666.0,33.4,0.4314
4.21,7.49,1667.6,28.9,0.5912
4.57,2.8,1433.3,32.9,0.4788
5.22,1.18,255.5,11.9,0.2825
4.62,8.44,1685.8,29.5,0.5602
4.81,10.73,1358.5,17.5,0.468
5.5,3.03,1409.2,23.8,0.364
4.71,8.28,757.8,31.3,0.393
9.78,4.02,1764.6,27.7,0.529
4.06,9.99,1464.5,20.2,0.5342
7.17,1.78,269.6,27.1,0.1104
6.37,17.67,845.2,14.7,0.3068
10.38,2.71,1778.4,36.2,0.6518
4.28,3.67,142.0,25.4,0.2447
6.28,0.48,1924.8,35.9,0.4046
10.29,0.95,1374.4,22.8,0.5446
9.56,5.8,1281.2,22.8,0.46
9.22,2.49,577.6,20.9,0.3135
5.31,14.44,535.1,34.0,0.3704
4.7,0.12,1887.0,21.3,0.5533
8.18,3.81,631.6,32.2,0.1938
10.01,3.29,1562.2,23.9,0.5415
7.4,0.16,816.6,11.2,0.1766
7.5,1.06,321.5,22.4,0.0979
5.46,4.27,70.9,17.6,0.2094
8.89,5.43,1111.3,27.3,0.3528
4.81,4.14,1952.8,17.5,0.525
5.77,6.06,769.8,34.4,0.2609
6.48,7.23,746.5,26.3,0.2179
7.05,0.1,721.0,25.6,0.0367
5.2,4.99,1065.1,32.2,0.3897
4.3,26.48,909.3,34.7,0.5738
7.77,5.86,1765.8,26.8,0.3058
5.52,9.05,1035.8,20.8,0.3523
7.57,2.99,1040.1,12.8,0.2128
4.58,11.9,319.8,21.5,0.3609
6.87,11.86,1966.3,22.1,0.3019
7.23,5.89,537.4,27.9,0.1439
3.86,29.84,193.1,24.2,0.4811
5.86,1.07,1343.1,32.5,0.3084
4.44,0.14,1211.0,22.1,0.4262
3.94,11.76,859.5,26.5,0.4607
10.43,13.17,873.3,36.5,0.5793
5.76,1.02,1580.9,29.7,0.3036
9.17,2.47,431.6,26.5,0.3019
5.28,0.14,1649.5,22.2,0.4435
8.27,2.78,1315.1,21.9,0.4027
8.82,11.87,867.0,20.2,0.381
7.67,5.84,943.2,22.7,0.2482
6.8,3.42,550.5,33.0,0.0865
6.38,3.72,1516.6,25.2,0.3166
5.94,0.1,1050.1,16.2,0.2987
10.01,2.85,675.7,41.1,0.4597
9.31,8.32,1212.3,29.6,0.4876
10.26,29.26,1991.7,15.7,0.7886
4.37,15.02,898.8,23.5,0.4522
8.62,0.19,1845.3,27.9,0.4211
10.07,18.31,722.8,40.6,0.5449
4.77,12.23,156.7,18.1,0.369
3.97,12.13,448.3,34.8,0.4394
8.69,4.9,866.5,38.2,0.3335
7.52,4.06,478.3,22.0,0.1141
9.39,2.89,50.4,24.8,0.2805
4.48,0.54,1834.3,18.7,0.4966
9.07,2.07,1695.6,25.4,0.3905
4.91,2.27,1497.5,26.7,0.3967
4.65,5.29,377.2,32.3,0.3391
4.65,11.01,284.7,35.7,0.3435
9.2,5.14,181.8,21.0,0.2472
8.16,0.48,1461.9,11.3,0.4297
7.16,25.32,1861.2,26.8,0.3831
6.01,22.88,889.5,29.3,0.352
9.64,12.3,282.3,29.0,0.3708
6.25,37.98,1049.2,24.4,0.4185
9.22,6.29,730.2,28.0,0.3759
6.57,26.32,780.9,39.1,0.3892
6.14,0.63,1261.6,30.1,0.2588
6.74,3.64,1451.5,24.0,0.1936
5.61,2.04,265.7,23.0,0.2213
8.73,1.74,119.4,25.6,0.1867
7.02,1.21,1988.9,40.1,0.3851
5.13,7.79,503.8,25.5,0.2226
9.8,12.16,155.0,26.8,0.375
6.19,6.91,420.3,23.1,0.2317
7.3,1.27,126.0,35.8,0.0849
9.85,13.33,814.0,42.7,0.5401
7.87,8.08,1614.7,30.6,0.3717
4.32,3.93,715.4,27.7,0.3693
10.08,8.97,916.2,27.3,0.4712
7.89,2.41,1367.4,7.9,0.3458
5.84,3.39,1042.3,33.0,0.2809
4.47,19.96,1729.8,28.1,0.6389
9.06,2.75,1738.8,30.4,0.4789
7.84,5.08,69.3,21.3,0.1405
7.23,17.67,1567.2,23.9,0.3521
9.76,9.84,948.4,23.7,0.4449
9.02,0.51,1978.2,35.2,0.4799
4.56,1.27,992.3,24.0,0.356
5.68,0.1,1974.4,43.7,0.4724
5.24,7.97,1521.4,30.4,0.4064
8.71,4.75,534.8,16.8,0.2825
3.73,1.15,1099.9,26.0,0.4544
7.49,25.35,1984.7,21.8,0.5288
8.84,6.03,1722.2,9.4,0.4279
9.64,2.22,239.9,39.8,0.364
5.89,5.55,1427.4,32.6,0.4084
9.25,9.11,723.9,31.3,0.3966
4.27,0.63,63.6,28.3,0.3156
9.43,2.57,836.8,15.9,0.4032
4.39,13.16,507.8,23.1,0.3827
6.28,4.92,1646.8,33.7,0.2814
9.08,6.33,707.8,18.6,0.3643
4.55,4.54,1663.7,6.7,0.546
5.1,0.36,51.2,25.2,0.1686
8.56,1.45,650.2,25.9,0.226
8.54,4.72,520.3,28.1,0.3054
7.99,1.88,505.5,32.8,0.2747
8.36,0.41,183.0,32.1,0.1912
7.3,14.85,414.9,29.1,0.1668
5.26,31.79,1133.3,36.6,0.5229
5.92,12.61,618.2,14.8,0.3166
4.77,15.38,863.9,31.0,0.4994
9.86,2.22,784.9,32.0,0.417
7.58,25.88,1758.0,17.1,0.4
6.31,1.75,1815.3,15.0,0.3758
6.73,24.2,1011.3,21.0,0.3411
10.13,42.1,693.8,21.7,0.6127
4.57,9.95,258.3,33.0,0.3686
7.6,31.77,1909.1,22.1,0.5171
7.04,6.74,167.4,20.1,0.0755
7.78,2.4,630.4,22.1,0.153
3.63,4.6,631.2,35.9,0.52
9.6,7.2,674.8,27.1,0.3778
10.02,0.61,370.4,25.6,0.3
7.46,7.79,1577.2,26.1,0.2308
8.38,31.78,288.9,37.3,0.4527
9.96,1.69,1288.1,21.0,0.5007
8.45,12.58,291.5,37.5,0.311
4.57,19.08,187.5,28.7,0.3744
7.53,23.02,1823.4,25.7,0.406
7.75,25.78,420.8,45.0,0.3393
6.47,5.9,1651.4,18.6,0.3119
8.66,30.29,1112.0,24.2,0.4209
10.04,11.33,201.8,17.1,0.4026
9.98,1.41,1913.1,34.6,0.5837
6.66,5.18,531.6,40.5,0.2182
4.29,10.14,1726.3,40.4,0.6211
10.39,2.27,379.2,36.8,0.4726
9.37,8.19,1715.2,25.4,0.5414
4.37,8.79,75.8,24.1,0.3518
9.95,1.42,1048.0,13.6,0.4988
9.59,6.66,1550.4,43.3,0.5815
7.13,11.81,1872.9,30.8,0.3167
7.64,5.53,1822.9,23.1,0.3556
6.29,0.1,1648.3,37.6,0.3885
3.88,0.1,1782.0,19.2,0.5728
5.85,3.53,438.5,30.3,0.2649
9.12,20.85,604.2,25.6,0.3608
3.53,2.08,613.5,32.1,0.4277
5.83,8.05,785.3,26.5,0.2881
6.29,2.01,817.0,15.4,0.2336
7.26,3.1,1111.9,27.6,0.2304
9.94,15.07,361.8,35.4,0.4703
5.92,10.44,1397.9,26.8,0.3238
5.93,0.8,376.8,33.2,0.183
8.66,4.48,655.1,18.6,0.252
6.67,0.24,1031.5,26.8,0.1325
5.07,5.25,1603.1,22.0,0.4662
6.67,8.69,1492.0,33.0,0.3346
4.49,1.01,1308.8,27.3,0.4387
4.73,2.73,353.8,32.5,0.2623
6.99,4.06,1116.7,35.7,0.202
6.43,20.16,220.5,32.5,0.1945
9.9,39.99,785.9,29.2,0.6768
6.04,0.37,856.4,19.0,0.2105
7.56,11.45,127.6,27.0,0.1061
7.93,3.72,584.3,22.7,0.1908
3.59,3.99,1913.5,24.2,0.5879
8.14,11.23,1909.6,24.0,0.4694
4.75,20.05,737.0,19.2,0.4366
10.23,24.12,134.0,11.3,0.4982
4.54,6.89,399.2,21.7,0.2788
6.4,3.53,814.8,28.5,0.1918
4.1,12.39,1898.2,16.2,0.6283
10.48,2.31,325.3,27.1,0.3591
7.02,6.64,1538.9,42.2,0.3524
7.67,3.55,261.9,35.2,0.1803
3.97,8.55,1963.5,40.1,0.6744
8.75,2.2,794.2,30.1,0.3461
4.97,1.7,1561.7,36.3,0.4822
9.79,20.03,718.1,21.2,0.4744
4.94,0.86,1274.0,21.8,0.3506
4.83,5.64,424.4,5.1,0.4172
3.76,2.0,334.7,36.5,0.4366
6.8,0.32,1879.2,39.3,0.3323
7.45,0.29,1839.4,22.6,0.2628
3.96,1.54,1780.6,25.0,0.5528
8.93,16.13,1269.6,21.0,0.441
6.67,2.66,1626.1,30.1,0.2717
7.17,24.04,184.6,36.0,0.2709
6.59,6.97,702.8,13.1,0.2025
6.31,4.59,661.7,30.3,0.1501
7.42,6.94,1289.5,24.8,0.2094
4.59,5.82,744.1,27.9,0.4054
4.77,11.38,339.6,30.7,0.3584
9.53,2.66,1213.1,25.5,0.4143
10.12,3.48,1638.0,26.2,0.5261
6.11,17.96,795.1,25.3,0.3039
5.4,23.42,307.9,34.8,0.3517
8.01,17.85,433.5,30.4,0.2877
6.36,4.35,513.1,28.8,0.1412
3.68,12.13,634.8,16.8,0.4893
4.59,5.18,1303.5,24.0,0.4161
8.51,5.51,1221.8,34.2,0.3665
8.11,1.83,1407.4,27.3,0.3043
3.69,7.15,756.9,32.3,0.5038
5.05,1.65,1656.8,41.1,0.3794
5.12,3.22,448.0,35.3,0.2807
8.2,15.45,964.6,27.7,0.3288
3.64,1.86,1611.8,22.9,0.6019
4.23,0.59,401.3,6.6,0.3801
9.1,0.57,264.2,25.7,0.2431
4.75,22.61,1773.2,24.4,0.6287
8.07,5.66,718.7,30.1,0.2085
5.17,4.21,1383.5,25.8,0.3931
4.2,13.32,99.4,24.4,0.3391
5.2,14.45,1395.6,12.8,0.483
8.56,3.23,666.4,19.5,0.253
9.49,9.46,158.7,30.8,0.3206
9.31,11.8,1239.1,40.7,0.6121
6.28,8.51,519.6,26.2,0.2096
8.18,1.32,804.3,29.6,0.2744
4.93,16.69,207.1,34.6,0.3836
5.55,6.2,337.0,20.5,0.1874
9.77,2.66,631.1,29.9,0.3998
3.59,4.43,225.0,21.1,0.4357
4.1,0.31,1826.1,33.9,0.5381
4.96,1.09,61.8,28.2,0.2561
3.69,11.6,993.5,29.4,0.5617
4.77,0.1,290.3,20.7,0.3255
7.58,4.31,650.0,32.7,0.1821
6.45,5.91,1855.8,43.7,0.382
9.75,0.45,365.3,18.9,0.3319
9.22,28.92,1933.4,24.3,0.6836
5.89,2.05,451.3,28.9,0.1337
5.32,2.9,1496.1,33.3,0.3489
6.16,2.9,1116.0,22.5,0.2504
7.63,2.1,1774.7,5.0,0.3829
5.38,0.1,1130.3,37.9,0.3631
7.87,10.46,1092.4,33.1,0.349
6.37,27.25,431.1,13.1,0.3136
7.36,2.03,374.1,22.1,0.0428
6.55,8.7,1837.2,39.5,0.4596
5.56,10.84,689.3,38.6,0.3244
10.14,15.09,775.6,34.5,0.5091
8.85,4.39,1531.7,25.6,0.4353
4.48,2.89,710.7,27.7,0.3514
9.58,3.15,1906.5,26.0,0.5174
6.91,9.98,1489.0,36.0,0.321
9.76,13.58,1215.0,20.0,0.5619
9.1,1.6,1767.7,20.6,0.4512
6.48,3.71,146.7,35.1,0.1768
3.66,18.58,551.3,26.6,0.4493
5.38,13.15,956.8,38.0,0.4415
7.29,33.52,492.6,21.6,0.2736
7.93,11.23,1500.6,26.6,0.3941
5.31,4.0,1842.5,19.6,0.4539
4.48,7.15,876.4,27.1,0.3876
9.34,8.65,717.2,15.2,0.4366
10.39,0.65,1925.0,23.1,0.6194
7.18,6.29,917.5,15.5,0.23
4.7,9.88,1003.6,32.6,0.4149
5.41,1.46,735.7,32.7,0.276
3.63,12.14,1823.6,13.2,0.6958
9.9,7.01,1159.5,37.7,0.5336
4.32,24.33,1536.2,45.0,0.725
7.54,0.35,1633.0,27.4,0.2087
5.42,2.47,716.6,21.9,0.2798
7.38,7.36,895.7,45.0,0.2781
8.06,2.81,1704.5,16.4,0.3516
9.31,10.03,758.3,27.2,0.3661
4.94,11.38,1598.2,28.4,0.4817
3.58,0.87,1884.9,37.8,0.5381
4.46,5.77,1265.3,29.9,0.4455
9.8,5.69,1496.2,23.0,0.4815
9.62,3.69,1619.9,19.4,0.5279
7.68,21.62,1697.8,24.3,0.3876
7.7,14.06,820.4,18.9,0.2733
8.16,9.56,150.0,27.4,0.2376
4.73,10.02,833.7,22.5,0.4263
9.9,4.95,1363.8,15.0,0.5629
6.43,20.31,928.2,37.0,0.3329
6.18,9.49,1510.5,23.0,0.3505
7.13,10.44,746.1,16.9,0.1946
3.83,15.83,1287.8,25.7,0.5658
4.66,2.56,413.5,27.5,0.3153
8.67,13.16,1511.3,13.0,0.4732
4.08,1.74,1114.1,29.7,0.504
7.72,3.39,447.9,18.6,0.1654
5.22,3.27,619.2,40.7,0.3632
6.23,30.73,1509.8,31.2,0.522
5.52,15.53,991.1,23.8,0.3953
5.99,9.66,471.3,21.0,0.1854
8.53,10.39,1936.2,26.2,0.4764
5.58,6.61,1444.5,31.9,0.4186
7.46,23.51,1916.4,26.8,0.4623
6.83,5.49,882.9,25.3,0.1206
8.15,3.83,976.4,27.5,0.2455
10.06,1.42,1801.0,22.2,0.5821
8.63,12.34,1073.8,24.3,0.3459
5.0,10.61,1429.2,10.3,0.5025
3.72,3.88,541.7,34.8,0.5058
5.34,0.2,921.1,29.4,0.2962
7.67,14.61,290.7,20.8,0.1784
3.86,0.1,451.7,42.2,0.4205
6.97,9.73,51.8,27.7,0.0844
7.68,28.12,126.6,18.7,0.2315
5.84,4.61,1955.7,33.9,0.4247
8.9,2.14,522.6,30.2,0.294
4.25,9.76,1343.5,30.2,0.5623
4.03,13.59,1686.2,23.6,0.6147
8.6,6.32,1123.8,30.6,0.339
6.97,27.3,348.6,24.9,0.2355
8.32,0.42,1469.8,31.4,0.3379
6.54,5.62,1220.5,11.8,0.2559
5.22,10.14,1475.9,23.5,0.4216
9.23,15.88,1551.0,40.8,0.6316
9.1,1.58,1952.1,20.9,0.4884
8.36,12.88,1168.4,22.2,0.3687
5.41,6.44,716.2,23.4,0.3362
7.63,4.04,1314.5,17.3,0.2429
6.03,1.13,183.5,9.3,0.1548
4.14,16.04,1799.9,25.2,0.5581
9.92,1.37,282.8,28.1,0.351
4.46,2.97,689.3,26.6,0.3625
10.15,2.74,1640.7,25.8,0.5848
6.62,16.41,1214.8,27.3,0.302
4.8,8.94,817.6,35.2,0.4072
7.29,12.74,973.2,25.5,0.2231
9.61,2.31,1716.4,22.4,0.5041
8.63,7.84,713.0,24.8,0.2414
9.15,6.78,1745.8,31.6,0.5863
8.11,14.31,221.9,38.3,0.2951
8.35,18.92,1564.8,22.0,0.4623
9.44,0.1,1702.7,27.8,0.4883
5.25,8.97,404.5,29.7,0.3139
6.93,0.43,889.2,19.1,0.1393
5.05,6.37,372.7,27.2,0.2611
10.41,2.71,1427.9,15.3,0.599
10.11,2.93,1093.9,12.8,0.5315
3.78,3.48,1288.9,29.9,0.5001
8.44,7.77,433.1,23.9,0.2823
9.98,3.25,462.9,28.6,0.3918
4.76,10.56,130.9,26.9,0.3222
7.48,4.15,678.0,19.2,0.2193
9.91,0.57,1141.5,26.6,0.4401
3.74,12.25,1723.0,17.1,0.6621
8.38,2.69,1350.5,38.1,0.4088
5.58,4.54,899.0,16.2,0.2967
9.97,9.25,1908.6,25.4,0.5944
10.3,3.23,1452.5,18.7,0.5626
10.11,0.47,1863.8,31.6,0.55
6.82,3.75,1078.8,24.3,0.2421
9.53,23.12,554.9,22.9,0.4205
9.41,8.21,153.0,33.8,0.3026
5.73,8.91,1465.9,27.2,0.4104
9.3,8.0,286.5,31.1,0.3549
3.76,1.78,640.4,19.1,0.4043
7.67,4.33,1088.3,15.8,0.2879
5.11,11.12,1150.6,27.9,0.4523
4.34,0.86,1221.1,24.4,0.4201
4.04,2.6,374.2,32.0,0.4609
8.37,2.59,790.5,26.4,0.1989
5.88,4.53,1253.5,28.6,0.33
8.57,31.45,1941.1,14.0,0.6782
3.96,0.56,1468.9,42.1,0.6
5.71,5.85,1849.1,25.7,0.3918
7.28,1.58,1536.3,32.6,0.2553
9.04,28.23,1203.8,20.3,0.5549
5.73,0.96,424.4,29.5,0.2221
7.88,4.13,1350.0,16.6,0.3376
9.7,10.71,1265.6,30.6,0.5471
7.81,9.75,1224.8,24.2,0.2613
5.13,4.4,1005.1,27.2,0.3367
3.67,3.4,1080.9,32.6,0.4921
9.59,4.05,702.2,17.1,0.3903
3.65,2.46,1062.7,21.5,0.5243
9.62,1.84,435.2,30.7,0.349
7.2,5.28,1620.1,43.8,0.4241
10.07,2.5,412.3,25.9,0.3737
9.09,2.71,215.7,31.7,0.2761
10.49,8.55,900.7,26.1,0.5141
5.95,27.67,1333.7,42.5,0.5014
8.87,7.4,903.5,13.0,0.3953
6.31,0.64,589.7,27.8,0.1845
6.86,0.63,1138.4,14.0,0.2129
7.89,24.2,726.7,6.9,0.3833
9.62,2.82,1869.1,29.4,0.5054
10.39,0.77,1849.2,28.1,0.5757
8.88,7.31,1029.6,24.7,0.3576
6.42,7.82,689.4,26.2,0.2236
6.45,8.36,1487.4,45.0,0.3476
8.66,2.49,121.6,24.9,0.1748
5.17,0.12,975.8,31.1,0.3336
4.27,26.82,705.8,21.8,0.4743
5.98,2.31,1845.0,29.4,0.342
5.51,9.02,73.4,25.1,0.1831
5.57,9.81,1128.0,23.7,0.3193
5.14,7.53,1494.3,41.6,0.5036
3.79,3.0,995.8,36.4,0.5087
3.63,2.53,216.5,28.1,0.3668
10.41,7.28,1946.3,8.6,0.7231
6.49,16.09,1060.1,24.1,0.3295
6.19,23.46,1247.7,45.0,0.5219
8.26,0.9,511.4,25.2,0.1283
5.03,1.35,992.8,35.8,0.3942
10.15,23.17,886.8,38.5,0.6198
9.0,10.67,196.0,28.8,0.3005
4.13,17.16,257.0,20.3,0.4228
6.42,1.81,1683.1,7.5,0.3678
9.65,7.09,517.6,32.5,0.4048
10.11,9.66,430.2,20.5,0.418
6.77,9.12,1034.6,28.4,0.1907
7.79,4.2,1549.1,17.0,0.3218
4.67,0.12,170.8,24.9,0.2508
10.44,7.0,1174.8,27.3,0.5565
5.12,2.33,282.5,29.1,0.2722
10.1,4.79,121.1,18.1,0.3612
8.05,25.28,152.9,36.6,0.3298
7.75,4.07,1676.6,22.2,0.3501
7.09,14.65,280.0,13.6,0.2124
5.11,1.67,138.0,26.1,0.2074
4.74,8.93,903.9,27.3,0.3905
5.04,30.18,1695.8,28.3,0.6089
4.81,0.86,561.7,37.9,0.3154
8.96,0.1,872.3,25.1,0.2927
5.95,4.55,127.8,26.0,0.1634
3.9,0.78,925.7,18.2,0.4762
10.28,11.04,1176.3,33.6,0.5709
9.69,19.68,1163.3,28.5,0.5505
9.99,4.55,698.2,23.6,0.3875
10.46,2.39,665.3,11.8,0.5225
4.72,4.56,257.9,38.6,0.3418
6.27,10.28,765.3,17.2,0.2527
8.81,0.1,244.0,22.3,0.2031
8.37,7.12,1544.9,29.9,0.3925
4.58,7.6,1934.2,17.4,0.5536
9.21,8.12,1941.6,15.1,0.5816
5.07,2.22,1736.9,10.0,0.4847
5.07,10.02,1221.5,32.8,0.4876
7.26,0.77,1416.7,22.6,0.2595
7.65,1.78,606.2,45.0,0.2156
7.56,16.8,1280.0,19.0,0.344
4.14,10.74,938.5,19.6,0.4681
9.64,0.11,989.9,22.5,0.3848
5.36,2.28,1527.7,28.9,0.4454
4.41,1.93,599.7,23.2,0.3363
9.72,2.53,670.2,31.9,0.4076
10.19,2.28,1853.1,19.2,0.6087
9.53,0.52,159.6,15.9,0.2797
9.17,4.91,997.0,12.6,0.4004
8.09,10.56,1830.0,9.2,0.4424
7.36,7.47,1240.2,22.9,0.2146
4.11,8.94,1115.5,24.6,0.3929
6.36,0.68,537.0,21.9,0.1572
6.11,24.21,719.4,36.9,0.4372
5.32,14.59,1711.5,36.8,0.5313
8.56,13.08,1140.5,24.3,0.3327
6.97,13.85,1053.7,12.6,0.254
4.07,21.59,244.2,22.5,0.4407
5.04,6.29,81.3,22.2,0.2171
8.28,1.79,1929.2,21.7,0.4218
4.03,7.67,785.1,21.4,0.4751
9.46,10.87,1226.3,21.8,0.4407
6.97,10.71,205.4,23.9,0.1088
6.86,5.9,1382.1,21.9,0.2789
7.65,0.57,1868.5,28.7,0.3762
9.27,3.71,1172.5,29.9,0.501
5.93,20.28,295.9,19.7,0.2534
8.25,7.03,1184.4,37.2,0.455
7.46,6.18,1544.4,19.2,0.2917
5.37,2.51,842.5,14.1,0.3127
9.65,3.68,1765.7,30.0,0.5413
9.08,18.06,1314.9,20.5,0.4816
8.11,8.78,1803.5,29.6,0.4226
9.45,12.39,1265.8,7.8,0.5197
9.57,4.85,306.0,38.1,0.3718
8.46,7.96,653.9,32.4,0.342
9.36,2.28,443.5,15.0,0.3431
8.38,9.78,1822.2,15.2,0.4769
8.26,4.46,1532.8,40.4,0.4326
7.83,4.67,1369.0,21.1,0.3327
8.77,8.38,636.9,20.3,0.2716
4.61,22.03,408.9,8.9,0.51
9.67,0.53,1525.1,24.2,0.4533
9.6,13.93,974.6,25.2,0.4649
3.7,2.77,490.3,32.7,0.4679
9.28,4.69,1252.4,15.8,0.418
4.4,0.18,128.7,14.8,0.2851
5.85,2.87,686.0,30.6,0.1797
8.7,5.59,963.7,35.1,0.3514
4.63,0.46,338.5,14.4,0.3644
9.23,5.4,1970.1,35.7,0.5507
9.32,20.95,457.7,27.3,0.3766
7.05,0.89,304.2,35.7,0.0765
3.54,11.57,446.9,26.4,0.4231
5.51,4.22,1549.7,6.8,0.4223
7.82,8.52,879.7,25.8,0.2511
10.37,2.41,1152.6,35.5,0.507
7.92,1.39,91.0,19.9,0.1597
5.32,1.4,117.1,23.9,0.1822
7.94,0.58,919.4,25.6,0.2106
7.28,1.64,1642.5,5.0,0.3325
8.96,8.73,1776.2,40.4,0.5689
4.25,17.08,219.1,19.8,0.4428
8.83,13.46,1099.8,31.0,0.4353
7.29,9.24,1830.8,26.3,0.3356
10.24,0.94,806.5,37.1,0.4766
5.89,2.73,1667.7,30.2,0.3759
7.93,2.97,310.7,25.1,0.1288
10.02,2.3,1874.0,19.9,0.5755
4.22,5.79,1515.3,33.4,0.5329
10.06,6.14,1885.6,12.0,0.629
8.32,3.53,1369.4,32.2,0.3349
3.97,3.49,758.6,18.2,0.4581
5.61,14.11,1879.5,37.0,0.5575
8.46,12.46,587.4,28.3,0.3362
3.97,2.94,697.7,32.2,0.3972
7.58,19.61,1416.6,27.7,0.4004
5.92,24.43,1542.4,13.0,0.4948
7.85,3.17,1862.3,20.1,0.378
3.82,3.5,449.4,32.4,0.3947
9.6,5.64,1606.1,28.3,0.513
10.31,22.66,1490.2,36.4,0.717
10.28,16.72,174.4,30.2,0.4199
8.75,0.87,805.1,19.3,0.3196
4.41,3.99,601.4,20.6,0.4111
8.81,6.45,643.8,27.8,0.2999
3.67,5.6,1966.7,8.5,0.7354
3.65,1.72,1303.4,40.4,0.5744
5.77,15.66,1449.5,30.5,0.4482
6.92,9.04,1954.4,36.8,0.2987
8.89,14.56,785.5,14.4,0.4926
8.28,15.66,1613.6,37.0,0.5261
6.62,11.04,897.3,44.9,0.2997
5.42,4.63,1745.6,16.4,0.3864
10.48,7.54,402.3,33.2,0.4825
6.48,1.4,1898.0,27.0,0.2634
6.66,8.96,476.6,14.6,0.2025
4.65,1.58,686.1,30.9,0.3641
9.06,9.47,1524.6,33.7,0.4657
8.36,2.09,817.8,22.2,0.2902
5.05,1.0,1236.0,36.3,0.4317
4.08,1.45,916.9,13.7,0.4944
8.26,0.1,1497.6,15.0,0.3609
8.08,10.15,495.2,28.1,0.194
5.41,10.55,164.0,27.2,0.2708
10.16,5.79,634.9,21.3,0.4313
4.56,1.41,974.9,33.5,0.3685
6.53,0.7,377.6,31.2,0.1599
10.11,0.15,741.9,33.9,0.5032
6.44,1.45,830.0,26.0,0.1648
7.97,17.72,161.9,31.8,0.3103
6.28,2.21,1187.4,23.4,0.2386
5.42,3.5,1774.5,43.4,0.4801
10.39,0.89,345.9,20.5,0.3801
6.37,2.01,1215.7,43.8,0.3657
9.76,5.86,1346.2,27.3,0.463
5.11,7.49,867.7,16.0,0.402
4.99,2.25,1417.1,37.9,0.4356
3.72,0.48,850.9,28.0,0.4311
8.06,3.97,1034.0,33.8,0.3278
6.08,2.13,64.3,36.8,0.1524
9.55,1.98,1398.9,29.7,0.4492
6.81,25.72,1339.6,22.3,0.3839
10.28,7.66,124.9,34.8,0.4739
4.8,6.51,768.1,27.0,0.3765
9.58,4.3,1959.1,32.5,0.5462
8.94,4.48,870.4,9.8,0.3827
8.9,6.23,1028.8,30.6,0.3795
9.41,9.54,1824.4,21.9,0.5506
8.83,9.69,1448.7,40.2,0.4648
7.88,1.51,1185.0,32.0,0.2968
4.42,5.55,1605.7,28.9,0.5117
3.73,4.25,1735.5,30.9,0.5459
9.95,16.35,940.9,19.0,0.5054
7.82,7.98,976.5,40.0,0.3047
9.08,6.08,802.8,42.9,0.424
6.87,0.98,1935.1,30.1,0.3427
4.32,7.44,1409.5,39.7,0.5656
4.38,1.0,212.3,22.4,0.2707
8.3,3.29,1732.8,20.6,0.393
6.51,1.23,987.1,27.3,0.174
4.9,9.42,184.1,30.5,0.3144
6.94,1.85,1121.9,23.8,0.1746
3.95,3.98,863.5,31.3,0.4972
7.57,18.08,1761.6,29.5,0.406
5.38,1.83,447.8,19.0,0.2975
9.08,5.67,1661.6,31.2,0.5058
5.67,4.35,1137.5,33.9,0.3187
6.69,0.15,156.5,28.4,0.1228
3.58,12.59,1945.1,36.2,0.7261
4.01,0.57,1049.6,17.3,0.4413
6.25,5.14,617.2,30.7,0.2525
6.86,6.58,965.3,17.6,0.2665
7.7,7.92,1722.8,18.1,0.3646
5.54,9.33,644.6,22.0,0.2736
8.36,2.34,425.7,19.5,0.2159
9.52,0.1,301.7,22.6,0.3126
8.96,10.28,630.8,25.3,0.3672
3.78,6.14,1571.1,33.7,0.6133
6.86,14.47,969.7,24.4,0.2208
4.23,13.78,493.6,14.3,0.5094
5.19,14.83,374.1,36.1,0.3518
10.41,5.31,698.8,20.3,0.5057
4.5,3.25,1882.9,26.5,0.5033
6.99,12.54,718.9,30.6,0.1983
7.83,4.8,1976.8,28.6,0.373
8.42,1.62,996.2,35.8,0.3215
7.42,15.45,399.4,30.8,0.1917
3.57,17.13,1787.7,20.1,0.7328
5.79,5.02,947.7,44.4,0.3383
7.12,0.63,1433.9,28.6,0.1873
4.12,3.93,1968.2,25.8,0.6256
5.95,13.02,147.8,34.7,0.2669
3.73,18.56,238.6,29.0,0.4048
4.05,1.82,1454.9,30.2,0.4932
6.28,0.55,599.6,45.0,0.1869
4.43,16.79,409.4,24.8,0.371
7.47,3.95,126.8,24.5,0.0
8.33,6.24,92.6,27.9,0.1806
9.1,27.55,1560.2,35.6,0.5865
4.9,0.55,312.1,14.9,0.2932
4.67,8.36,962.1,11.3,0.4162
4.23,0.62,1231.5,22.3,0.4454
7.96,3.77,885.3,13.9,0.2643
8.45,13.03,102.9,23.6,0.2751
3.72,4.55,1577.8,31.0,0.6221
10.05,46.97,70.5,19.9,0.6364
3.86,6.55,1535.7,15.6,0.5791
7.29,3.1,1791.9,27.6,0.3425
8.46,1.99,894.0,33.9,0.2607
9.6,3.45,1094.3,13.4,0.4269
8.5,3.73,980.1,33.6,0.3283
9.11,0.57,809.0,33.5,0.4182
5.88,3.69,1780.5,34.6,0.3977
9.2,4.99,1793.2,36.7,0.5264
4.06,10.26,704.8,44.6,0.4899
9.76,8.55,1249.4,24.2,0.5116
7.33,9.87,1857.5,27.9,0.3668
9.22,0.1,1926.0,23.7,0.4933
6.67,1.96,1042.5,27.0,0.1604
8.01,8.67,933.0,39.3,0.3122
7.18,5.29,593.5,16.2,0.1202
8.62,0.1,1919.8,20.1,0.4291
4.07,13.06,328.5,38.0,0.4339
3.92,11.86,1180.7,35.2,0.5366
5.23,6.36,601.0,24.1,0.2729
4.62,0.55,594.1,33.8,0.3361
9.6,11.64,839.7,29.7,0.4349
5.03,7.01,1997.6,39.0,0.5723
10.33,12.18,157.2,27.6,0.4291
5.86,11.15,1178.2,35.2,0.3653
4.77,13.0,211.0,45.0,0.4206
9.03,5.84,351.3,31.8,0.2751
8.11,1.21,907.1,27.4,0.2397
6.99,8.9,1045.4,32.8,0.2225
7.39,7.75,554.6,24.1,0.1046
8.53,10.85,667.1,45.0,0.423
5.1,1.49,219.6,28.4,0.2055
10.47,1.74,641.3,24.8,0.4327
10.32,17.69,1934.8,20.3,0.7383
8.05,11.09,1892.2,35.8,0.4892
4.9,19.11,703.0,33.9,0.45
8.26,11.37,1163.2,23.0,0.3333
4.01,7.27,1823.7,31.6,0.6314
3.71,8.49,62.1,14.9,0.4501
5.3,17.6,1630.8,28.5,0.4755
6.74,6.92,1899.3,30.6,0.3087
9.58,8.01,228.1,40.7,0.3388
8.59,1.36,364.8,20.8,0.2275
8.7,5.14,1923.5,16.8,0.4793
6.48,10.08,1098.2,19.8,0.3039
5.92,2.53,77.7,16.3,0.1772
6.1,1.81,552.4,37.7,0.2641
10.41,3.01,927.4,39.4,0.5193
3.78,2.21,1401.2,29.6,0.5634
9.57,1.94,1479.7,36.8,0.4931
7.55,4.43,1991.1,28.1,0.3691
6.57,19.07,610.6,26.2,0.187
8.58,5.66,1099.5,24.3,0.3335
6.91,1.67,1090.0,24.5,0.0925
9.61,0.64,841.0,14.6,0.4066
9.8,9.53,379.9,29.1,0.4083
6.45,3.86,1956.0,26.7,0.3149
5.44,13.8,1714.0,33.0,0.4597
7.65,8.62,1021.7,27.7,0.2768
9.89,12.73,1226.3,25.7,0.5136
4.97,2.54,493.2,20.0,0.2797
7.86,9.43,1110.4,27.6,0.2897
7.92,2.45,1405.2,32.9,0.3972
8.63,22.38,1054.6,17.9,0.4934
4.42,8.09,1981.1,27.7,0.6023
8.51,3.14,1242.1,28.9,0.3526
9.86,2.51,773.4,21.3,0.4137
4.76,1.69,1555.7,22.3,0.3676
5.16,9.49,382.4,28.8,0.2767
10.3,1.97,799.8,17.9,0.4548
4.77,7.24,726.6,29.8,0.3169
9.48,2.46,892.0,19.8,0.3581
6.95,8.68,1574.5,35.5,0.2446
5.23,13.5,994.1,45.0,0.4744
9.6,12.04,1598.3,20.1,0.5779
6.62,11.45,1174.2,31.3,0.3129
7.1,1.66,717.0,21.2,0.1331
6.01,0.74,1629.5,35.3,0.327
7.65,9.6,514.7,16.9,0.1599
4.64,3.68,487.5,30.8,0.2851
6.24,4.53,1033.8,20.0,0.2131
10.29,0.25,558.7,25.3,0.3655
5.31,2.4,67.7,18.8,0.2102
8.1,0.27,1314.2,33.6,0.2836
5.78,16.91,1046.6,20.3,0.382
8.91,2.23,918.8,31.4,0.3377
4.42,6.52,1935.6,24.2,0.5431
10.29,0.32,1163.8,26.1,0.5104
6.68,8.79,1733.7,28.2,0.2806
5.15,3.12,321.9,20.9,0.2657
4.01,18.26,1160.0,28.7,0.5656
4.69,17.52,1742.6,39.2,0.6136
7.14,3.15,1187.1,20.8,0.2234
5.86,18.5,1450.1,36.4,0.486
9.3,44.49,775.5,39.0,0.6276
6.52,13.96,230.3,20.5,0.1665
5.24,14.91,942.9,15.4,0.4329
7.82,2.29,819.2,29.4,0.2043
8.45,6.88,1740.8,22.6,0.4313
4.67,0.56,525.8,41.9,0.3856
4.67,0.8,1935.1,27.3,0.5453
3.76,54.45,1918.4,20.6,0.8398
8.65,3.16,532.9,17.8,0.2736
8.15,11.03,728.7,35.7,0.2899
6.82,13.15,1796.3,22.4,0.3508
9.41,15.62,1934.9,27.4,0.5393
9.14,48.35,914.7,34.6,0.6699
7.6,2.21,675.9,23.1,0.1393
9.58,0.33,1075.9,26.6,0.3743
4.94,4.24,1391.1,26.9,0.3672
4.28,1.11,583.3,32.5,0.3653
5.39,0.18,1486.1,31.7,0.4108
3.9,3.58,150.7,25.2,0.3386
7.22,12.25,146.1,27.5,0.1328
10.06,6.68,803.3,24.0,0.4931
3.78,3.0,739.3,15.2,0.4816
4.35,8.5,665.5,29.1,0.3935
6.67,2.11,1007.5,42.1,0.2652
10.04,0.12,675.4,19.9,0.3891
5.71,11.56,424.9,20.8,0.2466
7.05,7.82,653.5,20.0,0.104
3.79,11.49,1951.1,32.8,0.7002
4.54,0.32,851.7,30.6,0.3633
10.41,14.52,917.2,25.7,0.5444
10.26,7.73,1174.3,19.7,0.509
3.53,6.63,1967.5,27.7,0.6588
10.16,7.84,521.1,14.5,0.4484
7.97,15.99,1378.5,28.1,0.373
9.58,7.07,1446.2,34.0,0.5483
6.68,6.96,1234.3,17.0,0.2864
7.11,37.4,222.7,14.7,0.3021
6.92,11.31,1369.9,39.6,0.2629
8.17,4.67,175.0,22.1,0.259
4.48,9.83,1212.5,36.1,0.5654
3.71,3.94,1492.2,25.8,0.5614
5.66,2.08,461.4,25.7,0.1754
8.43,7.27,1691.2,30.5,0.4204
4.91,21.07,109.2,19.9,0.3454
8.21,21.18,1695.4,28.1,0.5116
10.29,3.35,947.6,23.9,0.4737
4.16,6.0,474.3,16.4,0.3888
8.21,1.9,310.9,29.7,0.1694
6.61,43.47,1908.9,24.9,0.5724
9.58,31.76,191.7,25.7,0.512
4.74,8.39,438.2,17.3,0.4051
8.35,13.05,728.3,39.7,0.3922
9.37,10.04,1259.5,34.0,0.487
10.11,7.19,1112.4,34.7,0.4389
8.28,0.44,295.0,24.6,0.1677
6.98,4.85,615.0,13.2,0.158
7.82,8.99,515.6,42.6,0.2834
9.58,9.05,466.4,26.5,0.3699
7.49,3.74,851.7,21.0,0.1509
3.71,22.74,1422.9,30.3,0.6826
10.02,1.47,474.0,36.3,0.4353
8.33,5.55,765.0,26.8,0.283
8.24,9.39,812.3,37.2,0.3632
5.01,9.56,1954.1,35.7,0.5718
8.11,8.37,1911.6,18.4,0.4205
6.26,2.58,1610.3,21.6,0.3033
8.06,1.36,521.2,34.7,0.2205
4.25,8.08,182.7,5.3,0.4365
8.1,7.32,668.0,25.8,0.2631
10.5,1.58,570.2,15.6,0.4875
3.84,9.77,1036.6,23.2,0.5695
10.34,4.86,1566.6,24.6,0.6243
6.35,8.82,1723.7,24.1,0.3384
9.6,14.53,1697.5,22.6,0.4539
8.98,1.49,751.4,18.2,0.3633
7.47,0.15,1390.1,45.0,0.3014
8.67,12.08,660.0,41.9,0.3737
9.65,7.53,168.8,17.7,0.3437
6.33,9.62,1418.1,39.7,0.3581
5.79,14.57,69.2,23.8,0.2328
8.17,12.99,847.9,28.0,0.262
9.15,25.94,692.3,26.5,0.4242
8.84,6.14,1402.1,21.7,0.4185
9.08,5.36,1544.2,34.9,0.4987
6.55,4.11,643.0,28.0,0.1755
9.22,1.33,1632.7,23.2,0.4176
4.34,6.8,623.1,16.6,0.3883
7.31,2.59,920.3,19.9,0.1652
3.54,20.34,1467.7,13.9,0.7108
5.77,7.0,1401.2,27.1,0.3911
6.07,7.19,1975.4,17.4,0.3598
6.27,3.51,489.1,24.9,0.1389
8.37,0.43,1341.5,38.0,0.3276
6.22,0.26,1238.9,36.6,0.2378
6.64,4.4,1834.4,26.7,0.3283
5.16,0.71,354.9,26.3,0.2444
6.11,7.47,1516.0,42.0,0.4185
5.09,17.03,1158.1,31.2,0.4908
4.01,17.16,585.6,24.4,0.4543
7.72,8.61,975.1,15.6,0.2733
8.18,1.9,700.9,30.2,0.2995
7.84,15.9,1179.7,33.6,0.3569
6.74,17.38,1783.6,21.9,0.3887
6.16,1.75,1160.1,29.3,0.256
9.54,10.7,1281.9,24.1,0.4231
7.13,2.7,1061.6,25.5,0.0974
6.85,12.98,149.8,7.1,0.1712
3.68,47.13,504.1,25.2,0.7008
5.89,0.24,1009.4,34.8,0.3047
6.16,18.21,655.0,21.9,0.3088
6.29,7.8,404.4,27.4,0.1401
7.56,29.01,1033.1,21.0,0.4217
7.24,5.0,679.5,29.9,0.1253
7.76,15.04,553.3,25.3,0.2331
8.85,0.52,954.8,19.5,0.3282
9.19,3.27,309.9,37.7,0.3244
8.53,0.55,1859.1,34.4,0.4748
10.19,29.62,1742.0,22.2,0.7057
3.63,13.59,1429.9,31.0,0.5832
4.87,15.31,257.1,31.3,0.3576
3.55,22.24,1563.0,32.1,0.6943
8.03,0.71,1625.5,13.4,0.4673
9.79,3.9,1547.1,35.1,0.563
5.2,0.59,272.2,22.4,0.2063
9.99,1.89,1305.6,24.1,0.4416
3.92,2.08,1676.9,45.0,0.5714
10.04,5.07,1175.8,29.4,0.4674
5.96,2.5,1310.5,23.9,0.2871
4.21,0.85,943.8,9.4,0.5162
6.9,1.47,1081.0,38.1,0.247
5.3,1.27,117.0,16.2,0.2308
5.49,28.92,1296.0,19.0,0.5019
5.65,11.39,208.8,24.3,0.2289
9.12,27.48,898.3,38.3,0.5331
7.27,4.63,620.7,33.2,0.2162
5.68,2.61,1113.6,25.7,0.2791
7.77,12.81,310.2,29.5,0.2015
8.51,3.16,1398.7,22.2,0.2887
5.41,2.85,1600.3,28.1,0.3834
6.39,2.12,368.5,27.6,0.1466
4.35,1.11,253.4,34.8,0.3083
4.77,2.37,333.8,34.7,0.2943
8.27,3.51,1760.4,31.0,0.4199
4.77,8.97,1080.0,24.1,0.3659
7.18,0.52,961.2,32.9,0.2054
8.46,1.89,258.1,26.3,0.1688
4.25,13.24,1316.6,18.3,0.5364
7.47,1.27,1742.6,23.8,0.2433
5.3,3.36,1665.0,27.7,0.4212
10.24,16.0,1270.8,34.3,0.6943
6.88,1.35,196.8,25.5,0.0584
9.14,0.69,269.2,17.3,0.253
7.35,5.3,146.2,27.5,0.1194
3.8,2.88,552.1,27.9,0.4014
7.93,6.63,314.5,28.5,0.2199
10.16,13.03,557.1,34.4,0.5253
7.71,1.18,800.9,35.2,0.1329
9.23,6.95,1888.8,22.2,0.4842
9.69,5.63,1240.2,22.1,0.4958
5.1,1.24,1678.2,18.7,0.4416
4.98,7.83,1435.2,32.6,0.4314
7.78,2.56,269.4,38.6,0.1643
6.38,5.35,1485.0,24.5,0.2221
9.38,0.69,586.4,25.1,0.3037
9.8,4.92,1296.3,38.7,0.602
5.97,2.93,714.9,31.0,0.2554
5.16,13.82,1995.5,30.5,0.6097
8.96,0.47,563.9,17.5,0.3243
5.42,4.34,594.3,32.4,0.3167
9.26,4.91,1864.8,19.6,0.5739
6.47,10.33,98.1,17.9,0.162
8.17,6.83,1408.5,24.2,0.3287
4.17,8.8,1464.4,22.3,0.5599
7.87,12.01,1680.9,25.2,0.4115
6.66,15.86,1950.2,15.5,0.4056
7.61,3.01,1952.4,34.7,0.3492
4.68,6.18,177.3,36.0,0.3389
8.66,14.67,1652.6,11.4,0.5509
9.54,36.41,1310.3,34.8,0.7048
5.02,17.62,1312.3,20.5,0.4432
4.17,3.71,300.3,33.9,0.4333
3.67,1.74,1317.9,26.5,0.4921
7.99,5.38,1965.8,27.2,0.3803
7.75,10.83,1828.0,25.5,0.3428
7.33,5.43,906.3,36.7,0.3108
5.12,5.28,127.9,17.1,0.2698
6.24,14.57,756.5,31.9,0.259
7.66,3.59,1661.5,35.8,0.3731
6.98,15.72,1417.9,32.7,0.3317
10.41,4.18,945.7,45.0,0.5722
4.46,3.18,157.4,22.8,0.3175
8.37,4.84,882.4,34.7,0.2921
6.33,11.5,964.6,26.2,0.2407
6.5,1.08,1860.7,36.9,0.2874
8.52,1.75,1300.1,26.9,0.2907
8.35,24.2,657.7,23.9,0.413
10.44,1.54,1074.4,37.4,0.5928
4.4,6.71,178.8,23.1,0.3224
4.23,6.93,1946.5,15.7,0.658
8.57,5.38,752.1,22.9,0.281
7.55,8.28,981.8,32.0,0.248
5.42,2.09,742.8,38.1,0.3226
4.06,6.44,1380.9,27.9,0.5123
4.1,3.72,1341.4,37.5,0.532
9.76,8.67,1444.9,16.1,0.5835
4.84,1.22,572.9,23.5,0.2975
5.76,6.77,665.6,24.7,0.2616
5.09,1.64,294.2,26.1,0.2631
5.98,2.61,1328.2,27.7,0.3038
3.99,1.97,127.6,32.5,0.3254
7.13,1.62,1215.5,23.4,0.137
3.97,13.98,1745.9,28.1,0.6231
9.1,2.69,1787.1,26.6,0.4514
5.14,20.95,925.6,19.6,0.4504
7.28,28.03,945.6,26.1,0.3124
9.66,6.78,200.1,25.9,0.4016
8.06,1.23,1358.0,25.7,0.242
7.23,3.75,1651.5,27.3,0.2013
5.77,12.79,527.1,27.6,0.2789
5.83,3.66,871.5,23.5,0.2364
8.19,0.73,1685.7,37.2,0.4021
10.46,6.51,1760.4,17.6,0.6577
8.13,14.92,524.2,21.2,0.316
7.4,12.71,1123.6,45.0,0.3062
8.61,1.54,425.4,18.7,0.2283
6.76,8.94,248.7,16.2,0.1545
3.92,1.99,1826.7,32.9,0.6095
7.44,1.97,1650.0,10.4,0.3983
10.2,16.58,1532.1,25.1,0.6375
4.73,2.3,145.1,44.2,0.3411
8.33,2.44,1695.3,14.6,0.3827
4.91,0.1,904.2,11.1,0.3681
7.25,16.36,717.7,15.0,0.2367
4.18,12.58,1115.6,34.2,0.5571
6.65,7.9,228.1,36.0,0.1617
8.79,11.1,1525.5,22.9,0.4043
5.93,1.32,1185.7,32.5,0.2817
8.15,4.9,413.9,38.1,0.2781
9.07,3.46,417.1,41.3,0.3613
9.99,0.79,409.3,25.0,0.3617
5.14,5.33,161.2,8.6,0.3193
6.3,20.28,1196.2,20.4,0.408
4.57,0.33,1688.7,23.6,0.4685
10.45,2.76,84.1,24.9,0.3501
9.99,1.86,145.6,25.5,0.2911
7.28,2.18,1166.9,36.0,0.2437
9.39,19.13,1648.0,37.2,0.5456
7.15,5.05,687.1,25.6,0.1198
7.87,5.02,731.7,35.8,0.2475
4.12,11.44,1212.9,29.9,0.486
8.79,1.34,584.7,27.5,0.2353
4.39,5.34,101.9,34.3,0.3635
9.28,4.5,1483.7,27.6,0.4571
8.97,7.27,1270.0,43.5,0.4903
8.46,61.79,1182.5,15.5,0.6453
3.75,11.74,1496.3,22.9,0.5922
5.62,4.06,1366.7,26.0,0.3711
5.34,14.06,451.5,30.5,0.3277
6.02,1.5,737.3,37.1,0.2077
4.11,0.25,295.9,26.8,0.3738
10.06,1.83,303.2,15.6,0.4016
7.38,3.33,1368.6,33.7,0.2506
5.64,5.72,1724.3,33.0,0.3867
6.28,7.64,1927.3,11.5,0.4379
6.63,19.32,1275.3,27.0,0.3138
7.7,5.7,409.0,14.3,0.2461
7.11,5.57,256.0,21.7,0.0711
9.94,0.41,1635.1,19.8,0.499
6.98,0.28,1178.6,33.5,0.215
10.45,6.41,1255.7,27.9,0.5775
9.46,4.61,1573.9,16.7,0.5141
4.96,14.62,1421.4,34.0,0.5311
10.01,1.4,1677.2,15.5,0.5636
4.31,0.2,159.6,29.6,0.3078
9.22,4.77,1507.7,20.5,0.4936
6.16,2.17,1709.2,24.1,0.3317
9.65,0.41,608.0,31.0,0.359
9.58,10.32,1298.9,31.2,0.5487
9.14,0.95,662.6,37.7,0.2864
9.03,7.5,1918.0,26.3,0.5555
5.63,2.64,115.2,29.5,0.1256
4.07,1.52,1180.6,23.5,0.4334
6.32,3.82,374.7,28.5,0.143
4.71,12.93,1438.8,30.5,0.5055
8.36,3.98,393.0,26.2,0.2352
5.92,11.12,509.0,12.6,0.2587
10.33,1.07,1014.0,29.7,0.4907
7.99,11.85,1833.9,29.9,0.4052
9.26,2.16,462.8,21.6,0.3125
4.43,9.05,331.3,16.7,0.3814
9.53,6.67,1530.0,38.8,0.5534
9.96,21.18,1026.2,30.9,0.558
6.91,3.92,1828.0,25.2,0.2455
7.74,0.55,335.9,17.9,0.1528
8.85,0.15,1309.6,20.4,0.3966
4.72,14.03,504.1,37.4,0.4091
7.02,5.95,355.7,28.1,0.0606
6.29,11.94,1382.7,22.6,0.3418
4.52,2.14,1207.7,31.1,0.4355
6.07,3.39,1521.9,20.5,0.3476
3.98,0.24,653.5,39.0,0.4194
3.68,26.06,923.5,37.8,0.6074
4.45,8.82,840.7,23.3,0.3984
10.24,21.65,1969.0,22.0,0.6921
7.35,2.47,619.9,6.1,0.2102
10.26,7.56,624.9,15.1,0.4707
6.53,9.08,741.4,16.3,0.2519
5.68,3.06,1151.0,28.1,0.2951
7.04,15.08,542.0,24.4,0.1605
6.58,23.52,1834.8,16.2,0.4603
4.24,17.29,568.1,24.8,0.4485
7.99,10.75,1796.8,31.0,0.4158
5.01,2.6,251.8,31.2,0.2808
7.84,2.65,1330.3,11.8,0.3036
8.05,26.45,1818.6,26.0,0.5368
4.56,0.1,379.1,15.9,0.3191
3.93,10.07,1938.2,34.2,0.6161
8.97,9.8,933.1,33.3,0.412
6.72,7.8,1894.1,19.8,0.3114
3.91,36.93,1369.8,20.9,0.7385
10.46,2.99,638.1,23.3,0.5099
3.9,3.32,417.2,9.0,0.4277
8.37,0.66,642.3,29.7,0.2452
10.39,4.68,231.4,24.8,0.3322
5.17,2.42,330.5,34.8,0.2899
4.5,3.37,254.1,18.2,0.2983
4.35,14.39,874.7,22.0,0.4494
5.62,21.93,1601.4,14.9,0.484
4.21,1.64,325.7,19.0,0.371
8.35,3.73,304.1,17.5,0.2512
3.94,21.12,1304.7,35.0,0.6422
7.07,0.51,434.5,21.4,0.0457
10.48,0.78,240.3,28.0,0.4335
9.2,1.42,375.4,24.0,0.2473
7.81,7.24,1851.3,16.8,0.3304
5.64,1.3,1651.9,25.7,0.3647
7.87,27.56,740.4,31.8,0.3371
7.19,4.74,1328.9,17.3,0.277
6.48,5.57,1097.7,33.5,0.2474
4.41,2.27,1370.4,20.2,0.4814
9.71,5.09,1381.2,23.1,0.5211
6.65,8.68,1276.0,31.2,0.2369
4.86,11.13,568.9,21.7,0.3418
6.07,11.22,126.1,27.3,0.1725
6.4,6.9,938.4,24.5,0.2605
9.29,18.78,1787.4,28.0,0.5594
8.64,13.6,1160.5,8.0,0.4521
8.89,11.32,1673.2,12.4,0.541
3.58,0.46,1983.7,31.9,0.6102
6.41,0.1,369.1,35.3,0.1508
6.87,1.91,1399.0,19.7,0.1753
3.63,8.71,1364.9,25.0,0.6219
5.32,4.24,1960.9,29.4,0.4198
8.82,4.12,1971.9,32.5,0.4813
4.46,17.27,1389.0,10.8,0.5974
7.25,18.07,525.0,19.9,0.2719
5.01,19.19,1607.2,24.3,0.4764
3.58,3.01,258.7,32.6,0.4781
5.19,9.4,1572.4,45.0,0.554
10.33,2.54,1824.9,25.2,0.5887
9.11,1.69,796.5,15.7,0.3296
10.22,1.63,1279.7,30.2,0.53
6.91,3.35,888.8,37.6,0.1735
4.27,4.5,903.6,27.9,0.4582
7.34,14.22,655.2,19.7,0.1891
6.68,1.02,1536.2,34.7,0.272
9.41,10.62,1875.5,32.3,0.5583
4.19,6.06,1884.5,18.8,0.5539
6.92,2.72,390.8,30.1,0.1103
4.55,5.43,1755.8,35.0,0.5614
5.77,2.85,1488.0,36.5,0.416
8.66,7.25,543.0,26.5,0.2219
6.83,4.55,181.2,24.1,0.091
6.13,1.44,572.6,36.8,0.2919
6.26,0.99,1828.8,17.3,0.3321
6.72,6.33,1284.7,30.5,0.3066
9.0,18.62,1456.1,16.0,0.5265
9.74,3.37,551.4,35.5,0.3655
10.19,10.56,1452.8,24.9,0.5513
9.01,8.6,104.8,37.1,0.3453
5.71,21.45,781.9,30.9,0.3522
8.32,13.76,1272.2,17.2,0.3894
6.56,6.69,334.9,38.4,0.1995
5.28,8.56,1654.9,39.4,0.4998
9.39,18.29,508.3,34.1,0.4649
3.77,4.08,1321.9,20.9,0.536
9.81,3.17,840.1,24.6,0.4142
6.73,0.1,1212.3,28.2,0.1768
7.96,14.01,259.5,21.4,0.2262
8.12,12.91,83.0,40.5,0.2389
9.77,0.88,1823.7,28.2,0.5631
7.96,6.88,575.8,5.4,0.2787
7.8,4.99,1648.4,29.7,0.3709
3.97,1.01,1998.7,24.2,0.5562
7.13,31.53,462.3,26.4,0.2628
4.55,1.93,567.1,24.1,0.3078
8.66,0.56,1342.6,33.5,0.3448
7.09,7.23,1932.6,36.0,0.2955
8.26,10.74,1835.8,29.3,0.4087
3.79,0.26,1030.6,24.3,0.4387
4.09,8.6,1600.5,26.7,0.5544
8.51,6.08,314.7,27.2,0.2572
4.0,0.87,1956.0,20.6,0.5577
4.0,1.52,1930.5,31.6,0.5568
3.58,6.71,369.3,30.7,0.4024
10.2,2.81,633.9,39.3,0.4927
8.66,22.29,245.3,37.0,0.4208
5.97,13.66,579.8,21.5,0.3033
5.58,32.87,1641.1,33.6,0.6065
5.95,2.41,787.7,19.4,0.2573
8.92,27.98,222.4,32.6,0.465
8.13,4.51,717.3,22.9,0.2419
4.8,3.42,1963.7,18.8,0.5364
4.72,0.41,1277.9,29.2,0.3972
4.19,0.43,861.5,5.6,0.44
8.12,9.42,374.8,13.0,0.2444
8.85,4.9,1973.0,25.6,0.4635
5.36,2.05,1650.7,27.7,0.396
3.65,7.61,598.9,24.0,0.5092
4.08,2.33,186.6,14.4,0.3735
10.28,6.9,160.4,20.5,0.4349
5.57,3.56,284.7,30.1,0.2015
8.88,13.88,1182.5,31.7,0.4381
7.87,13.75,1861.1,26.9,0.371
6.17,5.19,1018.6,36.3,0.2687
4.94,3.46,1693.7,30.2,0.4782
4.35,3.6,919.5,21.0,0.4146
7.81,13.11,1431.7,24.8,0.3639
8.92,3.18,1477.2,15.8,0.4441
8.01,1.88,389.2,26.1,0.1451
7.21,0.71,754.4,35.9,0.2305
3.79,5.03,1292.7,32.5,0.5423
10.28,5.26,187.9,38.2,0.4721
9.09,14.71,755.0,24.6,0.3736
5.55,2.0,1092.9,37.8,0.3728
10.36,3.84,1992.6,25.5,0.6381
7.71,13.22,975.3,38.8,0.3409
7.58,13.88,1641.3,26.8,0.2823
8.74,3.88,892.5,32.7,0.3401
9.18,4.92,1603.0,38.8,0.5514
8.1,2.89,1211.1,25.5,0.2912
4.4,21.57,1778.9,28.7,0.6428
5.87,1.01,851.3,37.3,0.228
10.0,21.71,1228.4,25.9,0.5615
5.07,9.21,1278.5,16.4,0.4583
6.11,6.07,863.9,44.1,0.3344
6.52,0.27,331.4,23.2,0.1248
6.58,5.16,232.4,28.3,0.1028
7.79,4.19,82.5,36.2,0.1726
10.1,1.41,1753.4,22.1,0.551
5.18,8.55,511.1,18.9,0.2876
4.35,28.37,462.4,29.0,0.4353
4.88,6.61,1485.3,12.7,0.5083
9.71,10.04,674.0,24.7,0.4133
8.02,0.57,1036.8,29.0,0.23
5.5,4.33,366.9,24.8,0.1632
9.21,0.99,1921.5,14.7,0.5374
9.53,7.59,1710.6,39.8,0.5762
9.43,22.31,1734.4,27.8,0.6223
9.93,8.67,843.2,38.4,0.5662
5.27,0.64,1536.6,24.9,0.3025
8.79,3.5,330.6,20.0,0.2341
6.72,6.4,66.8,29.2,0.0805
9.39,4.13,88.9,25.3,0.3092
8.6,14.35,1193.9,17.6,0.378
8.94,13.48,938.0,38.8,0.5116
8.09,7.57,1060.1,22.0,0.3
4.74,3.74,64.6,12.3,0.309
7.32,2.36,874.2,37.6,0.2047
10.39,0.9,1450.2,23.0,0.5194
10.06,3.51,913.3,22.1,0.48
3.8,4.26,1477.8,12.9,0.5552
4.65,9.01,504.4,40.9,0.4319
4.42,8.59,1635.6,16.7,0.5414
8.58,0.58,1197.4,27.5,0.2955
9.22,4.02,461.0,34.3,0.4182
4.99,1.6,511.6,30.4,0.3038
7.04,1.36,1274.7,26.5,0.1929
9.38,14.05,1668.4,13.4,0.6214
8.63,0.34,860.5,20.5,0.2448
7.3,4.35,553.7,28.5,0.1854
7.63,1.47,1740.7,20.7,0.2342
7.06,16.92,1355.1,28.6,0.2676
5.58,6.51,923.8,32.5,0.3127
7.46,2.11,1001.4,34.7,0.2427
8.32,5.58,448.3,17.2,0.2572
9.61,10.52,1272.3,44.6,0.5715
7.95,25.38,749.5,33.1,0.3735
8.83,1.99,1991.5,27.0,0.4242
4.62,17.39,986.4,35.7,0.4676
6.73,21.78,997.5,45.0,0.3975
3.57,19.86,1153.4,15.5,0.6696
5.23,8.07,1837.7,25.2,0.5029
8.59,7.95,1611.6,8.0,0.4666
10.44,4.13,929.7,28.5,0.5167
4.19,11.17,1451.5,29.9,0.5415
6.31,6.06,1193.2,26.7,0.2933
9.1,9.05,1010.1,21.8,0.431
4.93,4.48,425.0,10.6,0.3551
7.39,10.52,954.7,30.0,0.2289
8.63,13.92,529.3,38.6,0.4002
7.81,1.27,1833.9,22.3,0.35
4.82,14.31,704.0,30.5,0.3908
5.99,6.22,1906.9,14.5,0.3892
8.99,14.9,1089.5,30.7,0.4379
7.38,4.52,1281.5,23.9,0.2717
3.54,3.81,1108.7,20.9,0.5568
8.83,19.73,302.3,20.9,0.3147
3.75,2.31,782.9,23.9,0.3997
8.72,14.87,243.3,30.1,0.3437
4.92,5.29,1264.8,16.5,0.4017
10.21,5.77,921.4,23.8,0.4845
6.08,2.95,1567.1,26.7,0.293
5.79,6.81,479.9,18.2,0.2945
4.54,3.15,370.9,41.4,0.3591
5.64,0.32,842.3,20.2,0.2941
9.64,2.54,1856.8,21.6,0.5324
10.47,0.1,1435.3,19.2,0.5604
6.08,30.66,866.9,41.4,0.3999
6.64,26.99,1058.7,31.4,0.2901
8.55,4.02,214.2,19.5,0.2155
9.7,10.43,1969.9,35.8,0.6406
7.65,3.39,1349.5,28.6,0.2342
6.24,8.9,606.5,29.1,0.1836
6.39,13.1,1192.3,24.2,0.3041
8.37,23.46,263.5,21.0,0.3361
3.52,4.09,1933.4,29.7,0.6329
7.84,12.23,390.8,22.6,0.2306
5.99,2.47,1313.7,41.5,0.3231
9.06,37.11,528.6,16.8,0.5151
4.15,0.21,1449.2,39.3,0.5846
7.62,7.4,1564.8,26.1,0.3065
6.87,8.62,1363.2,29.4,0.257
8.0,9.32,1248.3,33.7,0.4191
3.95,1.03,1790.3,22.0,0.5064
7.56,22.31,203.3,33.9,0.2719
7.43,1.6,695.3,5.3,0.2792
7.42,7.8,534.2,21.2,0.1554
7.72,2.02,1976.6,19.6,0.3842
8.24,2.94,809.3,17.0,0.2452
9.13,6.33,1478.6,25.3,0.4136
5.39,4.32,1385.2,30.1,0.3931
9.28,1.4,463.6,32.6,0.3458
6.99,1.5,516.0,28.9,0.1182
4.04,4.33,598.5,21.7,0.4514
3.91,11.33,851.7,30.0,0.4986
5.84,18.26,506.9,28.0,0.3299
8.99,0.7,88.3,34.5,0.2408
8.45,4.0,1764.8,33.2,0.4565
9.02,0.85,1932.9,27.2,0.4657
7.12,0.13,716.1,19.8,0.1332
6.58,8.67,710.1,21.8,0.203
4.53,7.38,63.8,22.6,0.2549
5.8,1.42,1376.5,24.5,0.2657
6.54,2.13,1659.6,29.1,0.288
4.12,0.19,335.9,32.7,0.3082
5.04,14.41,361.3,26.6,0.3493
7.69,29.41,1590.7,27.1,0.4782
8.65,1.16,1251.8,28.1,0.349
10.49,2.11,137.5,22.9,0.3434
10.03,16.22,1264.0,19.6,0.6221
8.0,20.88,652.4,13.0,0.4191
6.45,4.35,769.0,21.4,0.1915
7.95,0.42,1551.0,30.8,0.333
9.0,0.32,1631.3,21.4,0.4275
4.33,6.83,830.7,25.1,0.4207
6.37,3.99,1896.9,30.7,0.3485
9.38,0.23,842.6,31.2,0.3668
6.19,7.0,1555.1,18.4,0.3751
7.5,0.1,993.6,35.0,0.2887
7.61,12.39,1800.2,36.0,0.3726
4.79,2.93,1820.1,18.0,0.4968
6.04,0.33,220.5,20.4,0.1018
5.84,7.1,1876.2,36.5,0.4976
3.68,4.06,1659.8,25.8,0.5477
3.67,29.14,1593.1,9.2,0.7398
9.32,6.29,441.8,15.8,0.38
5.41,2.58,1620.0,25.0,0.4267
7.13,9.89,1707.8,17.7,0.34
5.59,2.53,613.8,23.7,0.2364
10.08,18.77,1906.9,27.3,0.6824
5.32,3.76,147.2,38.7,0.3082
6.51,6.39,342.3,24.7,0.0948
9.61,0.42,1098.3,35.6,0.4443
9.39,4.44,1172.8,38.4,0.4607
4.8,14.29,1308.0,38.5,0.4967
9.12,13.1,83.1,29.3,0.302
6.71,2.03,1922.7,11.3,0.3831
6.88,2.05,136.9,30.7,0.0745
4.43,13.6,329.0,35.4,0.4396
4.06,21.32,77.3,26.4,0.4326
8.6,0.8,1155.4,41.0,0.3987
6.98,4.78,1867.9,33.9,0.2842
6.56,3.29,1348.6,31.5,0.2517
8.61,16.36,1654.2,35.7,0.5226
8.86,0.7,75.9,29.7,0.2217
4.61,1.9,1106.9,7.1,0.482
7.77,11.17,946.1,23.0,0.2613
4.45,0.42,1023.0,36.6,0.4258
8.76,5.43,190.8,20.5,0.3375
8.1,4.67,1384.6,25.2,0.3352
10.2,3.26,1031.3,18.6,0.5059
3.98,4.01,1542.0,41.3,0.5899
3.9,6.04,996.3,40.5,0.528
5.48,1.41,341.3,19.9,0.2141
